Date,NATIONAL_DEMAND,LONDON_TEMPERATURE,CARDIFF_TEMPERATURE,GLASGOW_TEMPERATURE,HOUR,DAY_OF_WEEK,NATIONAL_DEMAND-1
2024-03-01 01:00:00,51362,5.785,5.037,2.7345002,1,4,25469.0
2024-03-01 02:00:00,49342,5.235,4.937,2.2845001,2,4,51362.0
2024-03-01 03:00:00,47955,4.235,6.087,1.6344999,3,4,49342.0
2024-03-01 04:00:00,46596,4.035,5.737,1.2845,4,4,47955.0
2024-03-01 05:00:00,46370,4.235,6.187,1.3844999,5,4,46596.0
2024-03-01 06:00:00,51286,4.685,5.787,1.5845,6,4,46370.0
2024-03-01 07:00:00,60632,5.535,6.187,1.4844999,7,4,51286.0
2024-03-01 08:00:00,67737,5.835,5.887,1.4345,8,4,60632.0
2024-03-01 09:00:00,70675,6.185,5.737,2.3345,9,4,67737.0
2024-03-01 10:00:00,70880,6.985,5.637,3.7345002,10,4,70675.0
2024-03-01 11:00:00,68999,7.185,7.787,4.7345,11,4,70880.0
2024-03-01 12:00:00,67814,7.085,5.187,5.1844997,12,4,68999.0
2024-03-01 13:00:00,65740,8.185,6.437,5.3345,13,4,67814.0
2024-03-01 14:00:00,64029,8.535001,7.287,6.2844996,14,4,65740.0
2024-03-01 15:00:00,64243,8.435,6.487,6.0344996,15,4,64029.0
2024-03-01 16:00:00,67283,7.935,6.387,5.8845,16,4,64243.0
2024-03-01 17:00:00,73024,6.335,6.687,5.1345,17,4,67283.0
2024-03-01 18:00:00,76796,5.685,5.987,4.5845,18,4,73024.0
2024-03-01 19:00:00,76661,5.435,4.287,4.1844997,19,4,76796.0
2024-03-01 20:00:00,73486,5.235,5.087,3.7845001,20,4,76661.0
2024-03-01 21:00:00,68579,3.9850001,4.087,3.6345,21,4,73486.0
2024-03-01 22:00:00,62435,3.9850001,4.137,3.5345001,22,4,68579.0
2024-03-01 23:00:00,56556,4.435,3.987,3.2345002,23,4,62435.0
2024-03-02 00:00:00,52911,4.535,3.687,3.0845,0,5,56556.0
2024-03-02 01:00:00,53060,4.335,3.437,3.0345001,1,5,52911.0
2024-03-02 02:00:00,50892,4.685,3.137,2.9845002,2,5,53060.0
2024-03-02 03:00:00,49221,4.735,2.937,2.7845001,3,5,50892.0
2024-03-02 04:00:00,47253,4.735,3.287,2.9345,4,5,49221.0
2024-03-02 05:00:00,46653,5.1349998,2.687,2.9345,5,5,47253.0
2024-03-02 06:00:00,48467,5.485,3.137,2.1845,6,5,46653.0
2024-03-02 07:00:00,52424,5.8849998,3.487,2.0845,7,5,48467.0
2024-03-02 08:00:00,56690,6.035,3.387,2.7345002,8,5,52424.0
2024-03-02 09:00:00,61172,6.835,3.387,3.4845002,9,5,56690.0
2024-03-02 10:00:00,63161,7.3849998,4.537,4.4344997,10,5,61172.0
2024-03-02 11:00:00,63481,7.735,5.137,5.1844997,11,5,63161.0
2024-03-02 12:00:00,63508,6.985,5.537,5.6345,12,5,63481.0
2024-03-02 13:00:00,63421,7.985,6.337,6.2844996,13,5,63508.0
2024-03-02 14:00:00,61803,8.885,7.937,6.6844997,14,5,63421.0
2024-03-02 15:00:00,60765,8.835,8.037001,6.6844997,15,5,61803.0
2024-03-02 16:00:00,62266,8.185,8.137,6.2345,16,5,60765.0
2024-03-02 17:00:00,68316,7.3849998,7.737,5.3845,17,5,62266.0
2024-03-02 18:00:00,73924,6.1349998,6.087,4.7345,18,5,68316.0
2024-03-02 19:00:00,73906,5.185,5.337,4.3345,19,5,73924.0
2024-03-02 20:00:00,69134,4.3849998,4.587,4.3345,20,5,73906.0
2024-03-02 21:00:00,64707,3.935,4.337,4.1345,21,5,69134.0
2024-03-02 22:00:00,59784,3.7849998,3.487,4.5845,22,5,64707.0
2024-03-02 23:00:00,54654,3.435,3.087,4.7844996,23,5,59784.0
2024-03-03 00:00:00,51798,3.335,2.937,5.0845,0,6,54654.0
2024-03-03 01:00:00,51856,3.085,3.187,4.8345,1,6,51798.0
2024-03-03 02:00:00,50180,2.435,2.687,4.4344997,2,6,51856.0
2024-03-03 03:00:00,48268,2.185,2.187,3.9845002,3,6,50180.0
2024-03-03 04:00:00,46583,1.685,2.237,3.7845001,4,6,48268.0
2024-03-03 05:00:00,46071,1.4849999,1.287,3.3845,5,6,46583.0
2024-03-03 06:00:00,47305,1.185,1.537,2.7345002,6,6,46071.0
2024-03-03 07:00:00,50129,0.885,1.487,1.8844999,7,6,47305.0
2024-03-03 08:00:00,53403,1.0350001,1.537,1.6344999,8,6,50129.0
2024-03-03 09:00:00,55439,1.835,2.287,3.0345001,9,6,53403.0
2024-03-03 10:00:00,55967,3.385,4.337,4.3845,10,6,55439.0
2024-03-03 11:00:00,55376,5.185,6.637,5.7844996,11,6,55967.0
2024-03-03 12:00:00,56267,7.035,7.787,6.3345,12,6,55376.0
2024-03-03 13:00:00,56627,8.285001,8.537001,7.0845,13,6,56267.0
2024-03-03 14:00:00,57178,8.535001,8.537001,7.7345,14,6,56627.0
2024-03-03 15:00:00,59127,9.035001,8.737,8.3345,15,6,57178.0
2024-03-03 16:00:00,63624,9.285001,9.487,8.184501,16,6,59127.0
2024-03-03 17:00:00,69423,8.785001,8.837001,7.3845,17,6,63624.0
2024-03-03 18:00:00,74558,7.835,8.387,5.8845,18,6,69423.0
2024-03-03 19:00:00,75317,6.935,7.687,4.9344997,19,6,74558.0
2024-03-03 20:00:00,71483,6.185,6.537,4.2844996,20,6,75317.0
2024-03-03 21:00:00,66235,5.985,6.587,3.4845002,21,6,71483.0
2024-03-03 22:00:00,60175,5.235,6.487,2.8345,22,6,66235.0
2024-03-03 23:00:00,53779,4.3849998,6.087,2.3345,23,6,60175.0
2024-03-04 00:00:00,50753,3.685,5.637,2.2345002,0,0,53779.0
2024-03-04 01:00:00,51397,3.485,5.437,1.7845,1,0,50753.0
2024-03-04 02:00:00,50007,3.385,5.037,1.3345,2,0,51397.0
2024-03-04 03:00:00,48942,2.835,3.837,1.1344999,3,0,50007.0
2024-03-04 04:00:00,47756,2.735,3.587,1.0845,4,0,48942.0
2024-03-04 05:00:00,48055,2.7849998,3.237,0.93450004,5,0,47756.0
2024-03-04 06:00:00,53799,2.335,3.537,0.8345,6,0,48055.0
2024-03-04 07:00:00,63956,2.0349998,2.137,0.7345,7,0,53799.0
2024-03-04 08:00:00,68750,2.635,1.887,1.1344999,8,0,63956.0
2024-03-04 09:00:00,69275,5.085,2.887,2.8345,9,0,68750.0
2024-03-04 10:00:00,67018,7.535,5.187,4.5845,10,0,69275.0
2024-03-04 11:00:00,64177,9.335,6.987,6.1844997,11,0,67018.0
2024-03-04 12:00:00,62904,10.635,8.337001,7.6345,12,0,64177.0
2024-03-04 13:00:00,62904,10.685,9.137,8.5845,13,0,62904.0
2024-03-04 14:00:00,63764,10.585,8.287001,9.0345,14,0,62904.0
2024-03-04 15:00:00,65531,10.335,8.087001,9.1345005,15,0,63764.0
2024-03-04 16:00:00,69247,9.635,7.937,8.8845005,16,0,65531.0
2024-03-04 17:00:00,73217,9.035001,7.787,8.2845,17,0,69247.0
2024-03-04 18:00:00,76849,8.785001,7.437,7.1844997,18,0,73217.0
2024-03-04 19:00:00,76549,8.435,7.287,6.0344996,19,0,76849.0
2024-03-04 20:00:00,72006,8.235001,8.287001,4.9845,20,0,76549.0
2024-03-04 21:00:00,66190,7.035,7.787,4.5344996,21,0,72006.0
2024-03-04 22:00:00,59409,6.835,7.787,4.3845,22,0,66190.0
2024-03-04 23:00:00,52463,6.835,7.037,4.4344997,23,0,59409.0
2024-03-05 00:00:00,48894,6.485,6.237,4.9845,0,1,52463.0
2024-03-05 01:00:00,49551,6.335,5.737,5.2345,1,1,48894.0
2024-03-05 02:00:00,48053,6.185,5.987,5.4845,2,1,49551.0
2024-03-05 03:00:00,46771,6.235,3.187,5.6844997,3,1,48053.0
2024-03-05 04:00:00,45629,6.185,4.687,5.6844997,4,1,46771.0
2024-03-05 05:00:00,46052,6.085,4.237,5.5344996,5,1,45629.0
2024-03-05 06:00:00,52087,6.185,5.137,5.3845,6,1,46052.0
2024-03-05 07:00:00,63613,6.185,5.387,5.2345,7,1,52087.0
2024-03-05 08:00:00,69910,6.3849998,5.787,5.1844997,8,1,63613.0
2024-03-05 09:00:00,71358,6.835,5.787,6.2844996,9,1,69910.0
2024-03-05 10:00:00,70061,7.835,8.037001,7.8845,10,1,71358.0
2024-03-05 11:00:00,68273,8.485001,8.137,8.9845,11,1,70061.0
2024-03-05 12:00:00,66774,8.585,8.687,9.8345,12,1,68273.0
2024-03-05 13:00:00,64858,9.335,9.187,10.1345005,13,1,66774.0
2024-03-05 14:00:00,63552,10.235001,10.587001,10.0845,14,1,64858.0
2024-03-05 15:00:00,63924,10.135,11.487,10.1345005,15,1,63552.0
2024-03-05 16:00:00,67690,9.785001,11.037001,9.2845,16,1,63924.0
2024-03-05 17:00:00,73097,9.235001,10.387,8.934501,17,1,67690.0
2024-03-05 18:00:00,77619,8.685,9.687,8.7345,18,1,73097.0
2024-03-05 19:00:00,79521,7.985,8.437,8.0845,19,1,77619.0
2024-03-05 20:00:00,75440,7.285,7.187,7.5845,20,1,79521.0
2024-03-05 21:00:00,70656,6.535,6.437,7.2345,21,1,75440.0
2024-03-05 22:00:00,63627,5.835,6.287,7.0344996,22,1,70656.0
2024-03-05 23:00:00,56423,5.3849998,5.187,6.6844997,23,1,63627.0
2024-03-06 00:00:00,52882,5.435,4.787,6.5845,0,2,56423.0
2024-03-06 01:00:00,53028,5.1349998,4.387,6.5845,1,2,52882.0
2024-03-06 02:00:00,51182,5.085,3.887,6.4344997,2,2,53028.0
2024-03-06 03:00:00,49680,4.835,3.937,6.2345,3,2,51182.0
2024-03-06 04:00:00,48331,4.785,4.387,5.7844996,4,2,49680.0
2024-03-06 05:00:00,48546,4.8849998,3.987,5.3345,5,2,48331.0
2024-03-06 06:00:00,54012,5.335,3.187,5.1844997,6,2,48546.0
2024-03-06 07:00:00,63178,5.6349998,2.587,5.0845,7,2,54012.0
2024-03-06 08:00:00,69402,5.985,2.137,5.0845,8,2,63178.0
2024-03-06 09:00:00,70589,6.1349998,3.337,5.5845,9,2,69402.0
2024-03-06 10:00:00,69186,7.3849998,4.137,6.5344996,10,2,70589.0
2024-03-06 11:00:00,65649,8.235001,5.287,8.0345,11,2,69186.0
2024-03-06 12:00:00,62872,9.885,7.637,8.7845,12,2,65649.0
2024-03-06 13:00:00,61355,10.735001,9.087001,9.2345,13,2,62872.0
2024-03-06 14:00:00,61645,10.185,10.337001,10.0845,14,2,61355.0
2024-03-06 15:00:00,62958,11.035001,11.287001,10.434501,15,2,61645.0
2024-03-06 16:00:00,66630,10.585,11.387,10.434501,16,2,62958.0
2024-03-06 17:00:00,71518,10.185,10.887,9.8345,17,2,66630.0
2024-03-06 18:00:00,75655,9.285001,9.837001,8.5845,18,2,71518.0
2024-03-06 19:00:00,77682,8.385,9.087001,7.4344997,19,2,75655.0
2024-03-06 20:00:00,74361,7.1349998,8.287001,6.4344997,20,2,77682.0
2024-03-06 21:00:00,68706,6.435,7.187,5.6844997,21,2,74361.0
2024-03-06 22:00:00,61535,5.785,6.887,5.1345,22,2,68706.0
2024-03-06 23:00:00,54274,5.185,6.337,4.6844997,23,2,61535.0
2024-03-07 00:00:00,50964,5.285,5.187,4.3845,0,3,54274.0
2024-03-07 01:00:00,51624,5.235,5.187,4.1844997,1,3,50964.0
2024-03-07 02:00:00,49753,4.8849998,5.887,3.8845,2,3,51624.0
2024-03-07 03:00:00,48017,5.335,6.037,3.9345,3,3,49753.0
2024-03-07 04:00:00,46404,5.935,5.437,3.9345,4,3,48017.0
2024-03-07 05:00:00,46808,6.285,4.737,3.9345,5,3,46404.0
2024-03-07 06:00:00,52105,6.3849998,4.287,3.8845,6,3,46808.0
2024-03-07 07:00:00,62537,6.335,4.437,3.7345002,7,3,52105.0
2024-03-07 08:00:00,68284,6.6349998,4.637,4.2844996,8,3,62537.0
2024-03-07 09:00:00,70026,7.535,5.387,5.4344997,9,3,68284.0
2024-03-07 10:00:00,68692,8.835,6.387,6.9845,10,3,70026.0
2024-03-07 11:00:00,65982,8.985001,7.187,8.5345,11,3,68692.0
2024-03-07 12:00:00,65673,9.485001,8.587001,9.2845,12,3,65982.0
2024-03-07 13:00:00,65851,10.085,9.087001,9.4845,13,3,65673.0
2024-03-07 14:00:00,64689,9.885,10.187,9.434501,14,3,65851.0
2024-03-07 15:00:00,64364,9.835,10.137,9.0845,15,3,64689.0
2024-03-07 16:00:00,67508,9.485001,10.037001,8.684501,16,3,64364.0
2024-03-07 17:00:00,71687,8.485001,9.687,8.2845,17,3,67508.0
2024-03-07 18:00:00,76075,7.535,9.187,7.7844996,18,3,71687.0
2024-03-07 19:00:00,76592,6.685,8.687,6.6345,19,3,76075.0
2024-03-07 20:00:00,73231,6.335,8.137,5.7844996,20,3,76592.0
2024-03-07 21:00:00,66933,6.1349998,7.537,5.1844997,21,3,73231.0
2024-03-07 22:00:00,59641,5.6349998,6.637,4.7844996,22,3,66933.0
2024-03-07 23:00:00,52413,5.085,6.087,4.5845,23,3,59641.0
2024-03-08 00:00:00,48768,4.985,5.587,4.7844996,0,4,52413.0
2024-03-08 01:00:00,49220,5.185,5.487,4.6345,1,4,48768.0
2024-03-08 02:00:00,46849,5.235,5.137,4.4845,2,4,49220.0
2024-03-08 03:00:00,45459,5.485,4.687,4.5344996,3,4,46849.0
2024-03-08 04:00:00,44131,5.335,4.837,3.9345,4,4,45459.0
2024-03-08 05:00:00,44388,4.835,5.337,3.7345002,5,4,44131.0
2024-03-08 06:00:00,49448,5.185,5.587,3.6845,6,4,44388.0
2024-03-08 07:00:00,58634,5.185,5.887,3.7845001,7,4,49448.0
2024-03-08 08:00:00,64012,5.935,5.937,4.1345,8,4,58634.0
2024-03-08 09:00:00,64583,6.985,6.387,4.8345,9,4,64012.0
2024-03-08 10:00:00,62407,8.035001,6.987,5.2844996,10,4,64583.0
2024-03-08 11:00:00,59335,8.735001,7.537,5.8845,11,4,62407.0
2024-03-08 12:00:00,58082,9.535001,8.587001,5.6345,12,4,59335.0
2024-03-08 13:00:00,56852,9.785001,9.537001,6.5845,13,4,58082.0
2024-03-08 14:00:00,55989,9.635,9.837001,6.6345,14,4,56852.0
2024-03-08 15:00:00,56582,9.235001,9.937,6.1345,15,4,55989.0
2024-03-08 16:00:00,60365,8.485001,10.037001,6.3345,16,4,56582.0
2024-03-08 17:00:00,65759,7.835,9.637,5.8345,17,4,60365.0
2024-03-08 18:00:00,70557,7.1349998,8.837001,5.4845,18,4,65759.0
2024-03-08 19:00:00,71651,6.685,8.187,4.9845,19,4,70557.0
2024-03-08 20:00:00,67869,6.485,7.337,4.7345,20,4,71651.0
2024-03-08 21:00:00,62625,6.435,6.287,4.5845,21,4,67869.0
2024-03-08 22:00:00,57439,6.585,5.837,4.4845,22,4,62625.0
2024-03-08 23:00:00,51089,6.985,5.937,4.4344997,23,4,57439.0
2024-03-09 00:00:00,47393,7.185,6.387,4.5344996,0,5,51089.0
2024-03-09 01:00:00,47647,7.085,6.087,4.3345,1,5,47393.0
2024-03-09 02:00:00,45146,7.1349998,4.837,4.2844996,2,5,47647.0
2024-03-09 03:00:00,43058,7.085,4.987,4.3345,3,5,45146.0
2024-03-09 04:00:00,40915,7.1349998,4.987,4.3845,4,5,43058.0
2024-03-09 05:00:00,40155,7.035,4.887,4.2844996,5,5,40915.0
2024-03-09 06:00:00,41945,7.335,5.137,4.3345,6,5,40155.0
2024-03-09 07:00:00,46215,6.985,5.437,4.5344996,7,5,41945.0
2024-03-09 08:00:00,51062,7.335,5.737,4.6844997,8,5,46215.0
2024-03-09 09:00:00,54543,7.985,6.837,4.8345,9,5,51062.0
2024-03-09 10:00:00,55183,9.285001,7.737,5.3845,10,5,54543.0
2024-03-09 11:00:00,54020,10.335,8.587001,6.1345,11,5,55183.0
2024-03-09 12:00:00,52959,11.285001,9.737,6.2844996,12,5,54020.0
2024-03-09 13:00:00,52434,11.435,10.337001,7.0845,13,5,52959.0
2024-03-09 14:00:00,53227,11.985001,10.987,7.1844997,14,5,52434.0
2024-03-09 15:00:00,54240,11.635,10.737,6.6844997,15,5,53227.0
2024-03-09 16:00:00,57882,11.135,11.087001,6.2345,16,5,54240.0
2024-03-09 17:00:00,63018,10.935,11.387,5.8845,17,5,57882.0
2024-03-09 18:00:00,66386,9.985001,10.287001,5.6844997,18,5,63018.0
2024-03-09 19:00:00,66677,9.435,10.287001,5.5344996,19,5,66386.0
2024-03-09 20:00:00,63554,9.185,9.837001,5.4344997,20,5,66677.0
2024-03-09 21:00:00,59082,8.785001,9.687,5.1844997,21,5,63554.0
2024-03-09 22:00:00,54444,8.435,9.037001,5.1844997,22,5,59082.0
2024-03-09 23:00:00,49451,8.235001,8.137,5.0845,23,5,54444.0
2024-03-10 00:00:00,45784,8.335,8.237,5.3345,0,6,49451.0
2024-03-10 01:00:00,46103,8.235001,8.137,5.1844997,1,6,45784.0
2024-03-10 02:00:00,44147,8.235001,7.787,5.3345,2,6,46103.0
2024-03-10 03:00:00,42053,8.335,8.037001,5.5845,3,6,44147.0
2024-03-10 04:00:00,40001,8.335,7.787,5.7345,4,6,42053.0
2024-03-10 05:00:00,39035,8.135,7.837,5.8845,5,6,40001.0
2024-03-10 06:00:00,39863,7.785,7.487,5.6345,6,6,39035.0
2024-03-10 07:00:00,43056,7.785,7.787,5.7844996,7,6,39863.0
2024-03-10 08:00:00,47754,7.985,8.137,5.7345,8,6,43056.0
2024-03-10 09:00:00,53201,8.185,8.187,6.0845,9,6,47754.0
2024-03-10 10:00:00,56448,8.935,8.937,6.3345,10,6,53201.0
2024-03-10 11:00:00,58949,9.235001,9.537001,6.6345,11,6,56448.0
2024-03-10 12:00:00,60822,9.185,10.487,6.5845,12,6,58949.0
2024-03-10 13:00:00,61989,9.085,10.487,6.5344996,13,6,60822.0
2024-03-10 14:00:00,61795,9.135,11.487,6.6345,14,6,61989.0
2024-03-10 15:00:00,62887,9.385,11.437,6.5845,15,6,61795.0
2024-03-10 16:00:00,64950,8.935,11.887,6.4344997,16,6,62887.0
2024-03-10 17:00:00,67955,8.835,11.637,6.1345,17,6,64950.0
2024-03-10 18:00:00,69316,8.535001,10.737,5.9344997,18,6,67955.0
2024-03-10 19:00:00,68825,8.385,9.937,5.6844997,19,6,69316.0
2024-03-10 20:00:00,66244,8.185,9.087001,5.5344996,20,6,68825.0
2024-03-10 21:00:00,61979,7.835,8.737,5.2345,21,6,66244.0
2024-03-10 22:00:00,56960,7.735,8.487,5.2345,22,6,61979.0
2024-03-10 23:00:00,51241,7.535,8.537001,5.0344996,23,6,56960.0
2024-03-11 00:00:00,47776,7.435,8.587001,4.9845,0,0,51241.0
2024-03-11 01:00:00,48392,7.285,8.337001,4.9845,1,0,47776.0
2024-03-11 02:00:00,46893,7.085,8.337001,4.9344997,2,0,48392.0
2024-03-11 03:00:00,45448,7.235,8.237,4.6345,3,0,46893.0
2024-03-11 04:00:00,44268,7.235,7.737,4.5845,4,0,45448.0
2024-03-11 05:00:00,44469,7.235,7.987,4.4344997,5,0,44268.0
2024-03-11 06:00:00,50210,6.985,7.987,4.3345,6,0,44469.0
2024-03-11 07:00:00,61103,7.035,8.287001,4.3345,7,0,50210.0
2024-03-11 08:00:00,68526,7.485,7.687,4.7345,8,0,61103.0
2024-03-11 09:00:00,72809,7.585,8.437,5.3345,9,0,68526.0
2024-03-11 10:00:00,73736,7.985,8.937,5.9845,10,0,72809.0
2024-03-11 11:00:00,73615,8.535001,9.687,6.9845,11,0,73736.0
2024-03-11 12:00:00,74071,7.985,10.387,7.1345,12,0,73615.0
2024-03-11 13:00:00,74636,8.235001,10.837001,7.2844996,13,0,74071.0
2024-03-11 14:00:00,73688,8.535001,9.737,7.7844996,14,0,74636.0
2024-03-11 15:00:00,72391,8.435,9.387,7.2844996,15,0,73688.0
2024-03-11 16:00:00,74219,8.235001,10.737,6.8845,16,0,72391.0
2024-03-11 17:00:00,77864,8.435,10.537001,6.6844997,17,0,74219.0
2024-03-11 18:00:00,81141,8.085,9.737,6.1844997,18,0,77864.0
2024-03-11 19:00:00,79816,7.8849998,8.787001,5.7844996,19,0,81141.0
2024-03-11 20:00:00,75790,7.585,8.287001,5.5344996,20,0,79816.0
2024-03-11 21:00:00,70373,7.3849998,8.187,5.4344997,21,0,75790.0
2024-03-11 22:00:00,62506,7.235,8.337001,5.4845,22,0,70373.0
2024-03-11 23:00:00,55019,7.1349998,8.287001,5.4845,23,0,62506.0
2024-03-12 00:00:00,51300,6.785,8.537001,5.3845,0,1,55019.0
2024-03-12 01:00:00,51506,6.685,8.637,5.3845,1,1,51300.0
2024-03-12 02:00:00,49597,6.585,8.237,5.3345,2,1,51506.0
2024-03-12 03:00:00,47867,6.435,7.187,5.1844997,3,1,49597.0
2024-03-12 04:00:00,46278,6.285,8.237,5.1345,4,1,47867.0
2024-03-12 05:00:00,46123,6.585,9.087001,4.9344997,5,1,46278.0
2024-03-12 06:00:00,50694,6.835,9.637,4.9845,6,1,46123.0
2024-03-12 07:00:00,60159,6.985,11.737,4.7844996,7,1,50694.0
2024-03-12 08:00:00,67603,7.585,12.137,5.1345,8,1,60159.0
2024-03-12 09:00:00,71172,8.085,12.337001,5.5845,9,1,67603.0
2024-03-12 10:00:00,71555,8.835,11.787001,6.0344996,10,1,71172.0
2024-03-12 11:00:00,71335,9.635,11.637,6.5845,11,1,71555.0
2024-03-12 12:00:00,71013,10.935,11.737,6.5845,12,1,71335.0
2024-03-12 13:00:00,70661,11.585,12.437,6.6844997,13,1,71013.0
2024-03-12 14:00:00,69174,12.435,12.737,6.5845,14,1,70661.0
2024-03-12 15:00:00,67473,12.985001,12.087001,6.9845,15,1,69174.0
2024-03-12 16:00:00,68910,13.185,11.837001,7.1844997,16,1,67473.0
2024-03-12 17:00:00,72628,12.985001,11.837001,7.2345,17,1,68910.0
2024-03-12 18:00:00,75778,12.835,12.137,7.3845,18,1,72628.0
2024-03-12 19:00:00,75134,12.385,11.737,7.3345,19,1,75778.0
2024-03-12 20:00:00,70984,11.885,11.737,7.5845,20,1,75134.0
2024-03-12 21:00:00,64382,11.185,11.687,7.6345,21,1,70984.0
2024-03-12 22:00:00,56898,10.835,11.637,8.184501,22,1,64382.0
2024-03-12 23:00:00,49760,10.635,11.537001,9.4845,23,1,56898.0
2024-03-13 00:00:00,45218,10.735001,11.637,11.0345,0,2,49760.0
2024-03-13 01:00:00,44874,10.835,11.437,11.684501,1,2,45218.0
2024-03-13 02:00:00,42590,10.835,10.987,11.7345,2,2,44874.0
2024-03-13 03:00:00,40738,10.785001,10.737,11.4845,3,2,42590.0
2024-03-13 04:00:00,39147,10.785001,10.987,11.434501,4,2,40738.0
2024-03-13 05:00:00,39272,10.735001,11.137,11.684501,5,2,39147.0
2024-03-13 06:00:00,44333,10.635,10.937,11.5345,6,2,39272.0
2024-03-13 07:00:00,53796,10.535001,11.487,10.8345,7,2,44333.0
2024-03-13 08:00:00,59944,10.835,11.737,9.5845,8,2,53796.0
2024-03-13 09:00:00,62368,11.185,12.087001,9.6345005,9,2,59944.0
2024-03-13 10:00:00,61821,12.135,12.237,9.2345,10,2,62368.0
2024-03-13 11:00:00,61743,13.135,12.587001,9.5845,11,2,61821.0
2024-03-13 12:00:00,61696,12.635,12.637,9.8345,12,2,61743.0
2024-03-13 13:00:00,62466,12.835,13.037001,9.684501,13,2,61696.0
2024-03-13 14:00:00,61699,13.085,13.587001,9.4845,14,2,62466.0
2024-03-13 15:00:00,61435,12.785001,13.487,9.6345005,15,2,61699.0
2024-03-13 16:00:00,63135,12.735001,13.337001,9.1345005,16,2,61435.0
2024-03-13 17:00:00,66776,12.285001,13.337001,8.434501,17,2,63135.0
2024-03-13 18:00:00,70275,11.685,12.587001,7.7345,18,2,66776.0
2024-03-13 19:00:00,70955,11.135,11.787001,6.8345,19,2,70275.0
2024-03-13 20:00:00,68306,10.635,11.437,6.2844996,20,2,70955.0
2024-03-13 21:00:00,62821,10.635,11.487,5.7844996,21,2,68306.0
2024-03-13 22:00:00,56155,10.535001,11.637,5.5344996,22,2,62821.0
2024-03-13 23:00:00,49909,10.585,11.337001,5.2844996,23,2,56155.0
2024-03-14 00:00:00,46906,10.385,11.687,5.3845,0,3,49909.0
2024-03-14 01:00:00,47133,10.135,11.087001,5.1844997,1,3,46906.0
2024-03-14 02:00:00,45704,9.835,10.687,5.1345,2,3,47133.0
2024-03-14 03:00:00,44490,9.235001,10.787001,5.0344996,3,3,45704.0
2024-03-14 04:00:00,43429,8.935,10.537001,4.9845,4,3,44490.0
2024-03-14 05:00:00,43734,8.835,9.987,4.9845,5,3,43429.0
2024-03-14 06:00:00,48245,8.385,10.487,4.6844997,6,3,43734.0
2024-03-14 07:00:00,57031,8.485001,10.337001,4.3845,7,3,48245.0
2024-03-14 08:00:00,62296,9.635,10.087001,4.6345,8,3,57031.0
2024-03-14 09:00:00,64293,10.985001,10.037001,4.8845,9,3,62296.0
2024-03-14 10:00:00,63977,11.935,10.587001,5.2345,10,3,64293.0
2024-03-14 11:00:00,62472,12.235001,11.337001,5.5845,11,3,63977.0
2024-03-14 12:00:00,61522,13.185,11.687,6.0344996,12,3,62472.0
2024-03-14 13:00:00,61665,14.685,11.837001,6.1345,13,3,61522.0
2024-03-14 14:00:00,61879,16.035,12.637,6.3345,14,3,61665.0
2024-03-14 15:00:00,63418,15.835,12.037001,6.1844997,15,3,61879.0
2024-03-14 16:00:00,65460,14.885,11.887,6.3845,16,3,63418.0
2024-03-14 17:00:00,68361,14.035001,12.287001,6.2345,17,3,65460.0
2024-03-14 18:00:00,71133,12.885,12.637,6.4344997,18,3,68361.0
2024-03-14 19:00:00,71387,12.635,11.987,6.3345,19,3,71133.0
2024-03-14 20:00:00,67764,12.385,12.087001,6.4344997,20,3,71387.0
2024-03-14 21:00:00,61667,12.485001,11.387,6.7844996,21,3,67764.0
2024-03-14 22:00:00,55537,12.285001,11.387,6.6844997,22,3,61667.0
2024-03-14 23:00:00,49025,12.135,11.187,6.6844997,23,3,55537.0
2024-03-15 00:00:00,44877,11.635,10.987,6.6345,0,4,49025.0
2024-03-15 01:00:00,44904,11.685,11.287001,6.6844997,1,4,44877.0
2024-03-15 02:00:00,42731,11.735001,11.587001,6.8845,2,4,44904.0
2024-03-15 03:00:00,40976,11.635,11.587001,6.8345,3,4,42731.0
2024-03-15 04:00:00,39863,11.435,11.587001,6.9845,4,4,40976.0
2024-03-15 05:00:00,40073,11.335,11.737,7.3345,5,4,39863.0
2024-03-15 06:00:00,44637,11.235001,11.587001,6.9845,6,4,40073.0
2024-03-15 07:00:00,53289,11.335,11.587001,7.2844996,7,4,44637.0
2024-03-15 08:00:00,59107,11.785001,11.687,7.5845,8,4,53289.0
2024-03-15 09:00:00,59647,12.535001,11.937,7.4845,9,4,59107.0
2024-03-15 10:00:00,58370,13.285001,11.887,7.4344997,10,4,59647.0
2024-03-15 11:00:00,57168,14.085,12.537001,7.6345,11,4,58370.0
2024-03-15 12:00:00,56522,14.285001,12.087001,7.7345,12,4,57168.0
2024-03-15 13:00:00,56386,14.385,12.437,7.4845,13,4,56522.0
2024-03-15 14:00:00,55227,14.035001,12.587001,8.0345,14,4,56386.0
2024-03-15 15:00:00,54946,13.935,12.137,8.6345005,15,4,55227.0
2024-03-15 16:00:00,57495,13.985001,12.037001,8.9845,16,4,54946.0
2024-03-15 17:00:00,62910,13.185,11.637,8.684501,17,4,57495.0
2024-03-15 18:00:00,68095,12.685,11.787001,7.9845,18,4,62910.0
2024-03-15 19:00:00,69507,12.135,10.387,6.8345,19,4,68095.0
2024-03-15 20:00:00,66945,11.785001,9.087001,5.6345,20,4,69507.0
2024-03-15 21:00:00,62563,11.435,8.187,4.3845,21,4,66945.0
2024-03-15 22:00:00,58368,10.835,7.937,3.3345,22,4,62563.0
2024-03-15 23:00:00,53526,9.485001,7.187,2.4845002,23,4,58368.0
2024-03-16 00:00:00,50065,9.185,6.787,2.1345,0,5,53526.0
2024-03-16 01:00:00,49904,8.985001,6.187,1.5345,1,5,50065.0
2024-03-16 02:00:00,47818,8.585,5.487,1.3345,2,5,49904.0
2024-03-16 03:00:00,45854,8.385,5.237,1.4345,3,5,47818.0
2024-03-16 04:00:00,44656,8.235001,5.087,1.2845,4,5,45854.0
2024-03-16 05:00:00,44500,7.835,4.387,1.1845,5,5,44656.0
2024-03-16 06:00:00,46195,7.3849998,4.437,0.68450004,6,5,44500.0
2024-03-16 07:00:00,49274,7.035,6.137,0.5345,7,5,46195.0
2024-03-16 08:00:00,50682,7.335,5.737,1.7845,8,5,49274.0
2024-03-16 09:00:00,51463,8.135,6.237,3.9845002,9,5,50682.0
2024-03-16 10:00:00,51849,9.535001,6.737,5.9845,10,5,51463.0
2024-03-16 11:00:00,51958,10.935,7.787,7.8345,11,5,51849.0
2024-03-16 12:00:00,52792,11.935,8.737,8.684501,12,5,51958.0
2024-03-16 13:00:00,53936,12.335,10.937,9.184501,13,5,52792.0
2024-03-16 14:00:00,54696,12.485001,10.537001,8.934501,14,5,53936.0
2024-03-16 15:00:00,56653,12.785001,10.087001,8.7345,15,5,54696.0
2024-03-16 16:00:00,58943,12.335,9.437,8.184501,16,5,56653.0
2024-03-16 17:00:00,63187,11.685,10.237,7.5344996,17,5,58943.0
2024-03-16 18:00:00,65974,10.585,10.637,6.9344997,18,5,63187.0
2024-03-16 19:00:00,65827,10.035001,10.387,6.5845,19,5,65974.0
2024-03-16 20:00:00,62126,9.785001,10.787001,6.3845,20,5,65827.0
2024-03-16 21:00:00,56555,9.635,10.987,6.3345,21,5,62126.0
2024-03-16 22:00:00,51687,9.635,10.537001,6.3345,22,5,56555.0
2024-03-16 23:00:00,47275,9.835,10.387,6.4344997,23,5,51687.0
2024-03-17 00:00:00,45094,10.085,10.487,6.4344997,0,6,47275.0
2024-03-17 01:00:00,45503,10.185,10.787001,6.6345,1,6,45094.0
2024-03-17 02:00:00,43215,10.285001,10.637,6.8345,2,6,45503.0
2024-03-17 03:00:00,41323,10.185,10.287001,6.9344997,3,6,43215.0
2024-03-17 04:00:00,40157,10.285001,10.337001,6.9344997,4,6,41323.0
2024-03-17 05:00:00,39622,10.535001,10.387,7.0344996,5,6,40157.0
2024-03-17 06:00:00,40870,10.635,10.437,7.2345,6,6,39622.0
2024-03-17 07:00:00,43647,10.835,10.637,7.3845,7,6,40870.0
2024-03-17 08:00:00,47025,11.335,11.237,7.8345,8,6,43647.0
2024-03-17 09:00:00,50298,11.635,11.187,9.2845,9,6,47025.0
2024-03-17 10:00:00,52047,11.935,12.037001,10.3845005,10,6,50298.0
2024-03-17 11:00:00,53186,12.385,11.887,11.2345,11,6,52047.0
2024-03-17 12:00:00,54495,13.335,13.487,11.8845005,12,6,53186.0
2024-03-17 13:00:00,53963,14.685,13.787001,12.434501,13,6,54495.0
2024-03-17 14:00:00,52338,14.935,12.937,12.4845,14,6,53963.0
2024-03-17 15:00:00,52555,14.735001,13.337001,12.1345005,15,6,52338.0
2024-03-17 16:00:00,55874,14.685,12.787001,12.2845,16,6,52555.0
2024-03-17 17:00:00,60972,14.435,12.237,11.7345,17,6,55874.0
2024-03-17 18:00:00,65286,13.735001,11.137,11.0345,18,6,60972.0
2024-03-17 19:00:00,66432,12.235001,9.837001,10.434501,19,6,65286.0
2024-03-17 20:00:00,63463,11.285001,9.487,9.934501,20,6,66432.0
2024-03-17 21:00:00,58998,11.135,9.237,9.5345,21,6,63463.0
2024-03-17 22:00:00,53788,10.835,8.637,9.0345,22,6,58998.0
2024-03-17 23:00:00,48131,10.485001,8.687,9.0845,23,6,53788.0
2024-03-18 00:00:00,44779,10.285001,9.487,9.434501,0,0,48131.0
2024-03-18 01:00:00,44880,9.785001,9.387,8.9845,1,0,44779.0
2024-03-18 02:00:00,43010,9.435,9.137,8.3345,2,0,44880.0
2024-03-18 03:00:00,41956,9.285001,9.787001,7.7844996,3,0,43010.0
2024-03-18 04:00:00,40658,9.135,9.587001,7.4845,4,0,41956.0
2024-03-18 05:00:00,41521,8.635,9.537001,7.4845,5,0,40658.0
2024-03-18 06:00:00,47333,9.085,7.137,7.7844996,6,0,41521.0
2024-03-18 07:00:00,55794,9.135,7.537,7.7844996,7,0,47333.0
2024-03-18 08:00:00,58989,9.935,8.987,8.1345005,8,0,55794.0
2024-03-18 09:00:00,60426,9.935,10.137,9.0345,9,0,58989.0
2024-03-18 10:00:00,59191,11.735001,10.787001,9.6345005,10,0,60426.0
2024-03-18 11:00:00,57481,12.835,12.737,10.3845005,11,0,59191.0
2024-03-18 12:00:00,56416,14.185,13.387,11.2345,12,0,57481.0
2024-03-18 13:00:00,55768,14.035001,13.787001,12.0345,13,0,56416.0
2024-03-18 14:00:00,55454,14.385,14.587001,12.5845,14,0,55768.0
2024-03-18 15:00:00,55977,14.135,15.037001,11.8845005,15,0,55454.0
2024-03-18 16:00:00,59757,13.635,14.537001,10.934501,16,0,55977.0
2024-03-18 17:00:00,64987,12.885,13.887,10.0845,17,0,59757.0
2024-03-18 18:00:00,68383,11.935,13.187,9.8345,18,0,64987.0
2024-03-18 19:00:00,69440,11.385,11.537001,9.3845005,19,0,68383.0
2024-03-18 20:00:00,65864,10.835,10.387,9.184501,20,0,69440.0
2024-03-18 21:00:00,60139,11.035001,11.087001,9.5345,21,0,65864.0
2024-03-18 22:00:00,53568,10.735001,11.387,9.7845,22,0,60139.0
2024-03-18 23:00:00,46558,10.285001,11.287001,9.9845,23,0,53568.0
2024-03-19 00:00:00,42301,10.435,11.587001,10.434501,0,1,46558.0
2024-03-19 01:00:00,42272,10.235001,11.437,10.5845,1,1,42301.0
2024-03-19 02:00:00,40707,10.135,11.737,10.934501,2,1,42272.0
2024-03-19 03:00:00,39546,10.385,11.487,10.7345,3,1,40707.0
2024-03-19 04:00:00,38070,10.135,11.637,10.684501,4,1,39546.0
2024-03-19 05:00:00,38348,9.885,11.737,9.9845,5,1,38070.0
2024-03-19 06:00:00,44085,9.985001,11.737,9.4845,6,1,38348.0
2024-03-19 07:00:00,53057,10.085,11.987,9.0845,7,1,44085.0
2024-03-19 08:00:00,58403,10.485001,11.987,9.0845,8,1,53057.0
2024-03-19 09:00:00,59664,11.485001,12.837001,9.8345,9,1,58403.0
2024-03-19 10:00:00,58939,12.435,12.887,10.2845,10,1,59664.0
2024-03-19 11:00:00,57261,12.285001,13.537001,10.7845,11,1,58939.0
2024-03-19 12:00:00,56768,12.385,13.787001,11.434501,12,1,57261.0
2024-03-19 13:00:00,56541,12.885,14.537001,11.5345,13,1,56768.0
2024-03-19 14:00:00,57264,13.235001,15.187,11.7845,14,1,56541.0
2024-03-19 15:00:00,58754,12.735001,14.987,11.434501,15,1,57264.0
2024-03-19 16:00:00,63245,12.635,14.637,11.0845,16,1,58754.0
2024-03-19 17:00:00,67664,12.535001,14.287001,10.5345,17,1,63245.0
2024-03-19 18:00:00,70969,11.685,13.187,9.5845,18,1,67664.0
2024-03-19 19:00:00,72428,11.335,11.637,8.5845,19,1,70969.0
2024-03-19 20:00:00,70044,11.235001,11.337001,7.8845,20,1,72428.0
2024-03-19 21:00:00,64781,10.985001,11.237,6.9845,21,1,70044.0
2024-03-19 22:00:00,57875,10.935,10.487,6.7345,22,1,64781.0
2024-03-19 23:00:00,51379,10.935,11.237,6.5845,23,1,57875.0
2024-03-20 00:00:00,47763,10.735001,11.437,6.4845,0,2,51379.0
2024-03-20 01:00:00,47609,10.735001,11.737,6.2345,1,2,47763.0
2024-03-20 02:00:00,46277,10.635,11.087001,6.0344996,2,2,47609.0
2024-03-20 03:00:00,45016,10.435,11.137,5.7345,3,2,46277.0
2024-03-20 04:00:00,43502,10.185,11.287001,5.7345,4,2,45016.0
2024-03-20 05:00:00,43772,9.985001,11.137,5.6844997,5,2,43502.0
2024-03-20 06:00:00,48248,9.935,10.887,5.5344996,6,2,43772.0
2024-03-20 07:00:00,56999,9.935,10.737,5.6345,7,2,48248.0
2024-03-20 08:00:00,62971,10.385,11.637,6.0845,8,2,56999.0
2024-03-20 09:00:00,64302,11.035001,11.587001,6.8345,9,2,62971.0
2024-03-20 10:00:00,63838,11.785001,11.837001,7.6844997,10,2,64302.0
2024-03-20 11:00:00,62705,12.485001,12.987,7.9344997,11,2,63838.0
2024-03-20 12:00:00,62402,13.985001,11.937,8.2845,12,2,62705.0
2024-03-20 13:00:00,62523,14.835,12.737,8.4845,13,2,62402.0
2024-03-20 14:00:00,62012,15.385,13.537001,8.5845,14,2,62523.0
2024-03-20 15:00:00,60986,16.085,14.287001,9.0345,15,2,62012.0
2024-03-20 16:00:00,62464,16.335,13.787001,9.2345,16,2,60986.0
2024-03-20 17:00:00,66268,16.085,13.337001,8.9845,17,2,62464.0
2024-03-20 18:00:00,69550,15.185,12.787001,7.6844997,18,2,66268.0
2024-03-20 19:00:00,70936,14.485001,12.237,6.5344996,19,2,69550.0
2024-03-20 20:00:00,68523,13.835,11.287001,5.5344996,20,2,70936.0
2024-03-20 21:00:00,64485,13.585,11.287001,4.4344997,21,2,68523.0
2024-03-20 22:00:00,57592,12.535001,11.287001,3.8345,22,2,64485.0
2024-03-20 23:00:00,51216,12.135,11.337001,3.4845002,23,2,57592.0
2024-03-21 00:00:00,47236,11.435,10.737,3.4345,0,3,51216.0
2024-03-21 01:00:00,47075,10.785001,10.387,3.6345,1,3,47236.0
2024-03-21 02:00:00,44748,10.185,10.087001,4.1345,2,3,47075.0
2024-03-21 03:00:00,43166,9.635,9.287001,4.5344996,3,3,44748.0
2024-03-21 04:00:00,41960,8.685,9.237,5.1844997,4,3,43166.0
2024-03-21 05:00:00,41599,7.785,9.337001,6.0845,5,3,41960.0
2024-03-21 06:00:00,46011,7.985,9.537001,6.6844997,6,3,41599.0
2024-03-21 07:00:00,54458,8.185,9.187,6.7844996,7,3,46011.0
2024-03-21 08:00:00,58674,9.135,9.187,6.7844996,8,3,54458.0
2024-03-21 09:00:00,59601,9.635,9.287001,6.7844996,9,3,58674.0
2024-03-21 10:00:00,58769,10.985001,10.287001,7.1844997,10,3,59601.0
2024-03-21 11:00:00,56068,12.485001,11.437,7.2844996,11,3,58769.0
2024-03-21 12:00:00,54998,14.285001,11.437,7.6345,12,3,56068.0
2024-03-21 13:00:00,54674,14.635,11.137,8.2345,13,3,54998.0
2024-03-21 14:00:00,54345,14.785001,12.087001,8.934501,14,3,54674.0
2024-03-21 15:00:00,56897,15.685,11.237,9.4845,15,3,54345.0
2024-03-21 16:00:00,59713,15.335,11.437,9.7345,16,3,56897.0
2024-03-21 17:00:00,62868,14.735001,11.487,9.9845,17,3,59713.0
2024-03-21 18:00:00,65504,14.835,10.287001,9.4845,18,3,62868.0
2024-03-21 19:00:00,66784,13.785001,9.337001,8.934501,19,3,65504.0
2024-03-21 20:00:00,64763,12.735001,9.037001,8.684501,20,3,66784.0
2024-03-21 21:00:00,59714,11.485001,9.187,7.9344997,21,3,64763.0
2024-03-21 22:00:00,53219,10.585,9.737,7.5845,22,3,59714.0
2024-03-21 23:00:00,47144,10.135,9.987,7.2844996,23,3,53219.0
2024-03-22 00:00:00,43592,9.935,10.187,7.5845,0,4,47144.0
2024-03-22 01:00:00,43971,9.585,10.187,7.2844996,1,4,43592.0
2024-03-22 02:00:00,41734,9.485001,10.187,7.0845,2,4,43971.0
2024-03-22 03:00:00,39366,9.485001,10.087001,6.6345,3,4,41734.0
2024-03-22 04:00:00,38510,9.535001,9.887,6.3345,4,4,39366.0
2024-03-22 05:00:00,39041,9.735001,9.387,5.8345,5,4,38510.0
2024-03-22 06:00:00,44192,9.535001,9.587001,5.8845,6,4,39041.0
2024-03-22 07:00:00,53285,9.485001,9.987,5.5845,7,4,44192.0
2024-03-22 08:00:00,58897,9.585,10.287001,6.0344996,8,4,53285.0
2024-03-22 09:00:00,59993,9.785001,9.637,7.3345,9,4,58897.0
2024-03-22 10:00:00,59082,10.435,10.437,7.6345,10,4,59993.0
2024-03-22 11:00:00,56662,11.085,11.587001,7.8845,11,4,59082.0
2024-03-22 12:00:00,55032,10.835,12.187,7.9845,12,4,56662.0
2024-03-22 13:00:00,52412,11.135,11.437,8.2345,13,4,55032.0
2024-03-22 14:00:00,49867,11.985001,11.987,8.1345005,14,4,52412.0
2024-03-22 15:00:00,49142,11.435,11.937,8.1345005,15,4,49867.0
2024-03-22 16:00:00,51777,11.735001,11.637,7.7844996,16,4,49142.0
2024-03-22 17:00:00,57356,11.385,10.987,6.8845,17,4,51777.0
2024-03-22 18:00:00,62701,11.135,9.887,6.3845,18,4,57356.0
2024-03-22 19:00:00,65225,10.535001,8.837001,5.6345,19,4,62701.0
2024-03-22 20:00:00,64092,9.435,8.387,5.3345,20,4,65225.0
2024-03-22 21:00:00,59139,8.685,7.737,4.8845,21,4,64092.0
2024-03-22 22:00:00,53333,7.735,7.137,4.7345,22,4,59139.0
2024-03-22 23:00:00,47157,6.8849998,6.837,4.5344996,23,4,53333.0
2024-03-23 00:00:00,43568,6.335,6.237,4.7844996,0,5,47157.0
2024-03-23 01:00:00,43409,5.735,6.137,4.6844997,1,5,43568.0
2024-03-23 02:00:00,40347,5.235,6.137,4.7345,2,5,43409.0
2024-03-23 03:00:00,38489,4.935,5.937,4.5845,3,5,40347.0
2024-03-23 04:00:00,37645,4.685,5.837,4.4845,4,5,38489.0
2024-03-23 05:00:00,36742,4.3849998,5.987,4.3845,5,5,37645.0
2024-03-23 06:00:00,37913,4.535,5.987,4.3345,6,5,36742.0
2024-03-23 07:00:00,40555,4.6349998,6.537,4.5845,7,5,37913.0
2024-03-23 08:00:00,42548,5.535,7.687,5.3345,8,5,40555.0
2024-03-23 09:00:00,43134,6.935,7.987,6.2345,9,5,42548.0
2024-03-23 10:00:00,43853,8.085,7.787,6.9344997,10,5,43134.0
2024-03-23 11:00:00,43921,8.985001,8.437,7.9344997,11,5,43853.0
2024-03-23 12:00:00,44200,10.185,8.237,8.0845,12,5,43921.0
2024-03-23 13:00:00,43627,9.935,8.587001,8.5845,13,5,44200.0
2024-03-23 14:00:00,42598,9.185,8.887,8.934501,14,5,43627.0
2024-03-23 15:00:00,43002,9.235001,9.787001,8.8345,15,5,42598.0
2024-03-23 16:00:00,46756,9.035001,9.537001,8.5345,16,5,43002.0
2024-03-23 17:00:00,53625,9.135,9.537001,7.8845,17,5,46756.0
2024-03-23 18:00:00,59344,8.385,9.137,7.3345,18,5,53625.0
2024-03-23 19:00:00,61865,7.785,8.487,6.3845,19,5,59344.0
2024-03-23 20:00:00,60017,7.185,7.887,5.7844996,20,5,61865.0
2024-03-23 21:00:00,55260,7.1349998,7.437,5.2345,21,5,60017.0
2024-03-23 22:00:00,50089,6.935,7.537,5.0344996,22,5,55260.0
2024-03-23 23:00:00,44950,6.285,7.237,4.8345,23,5,50089.0
2024-03-24 00:00:00,42373,6.3849998,7.037,5.1345,0,6,44950.0
2024-03-24 01:00:00,41897,5.785,6.887,4.8845,1,6,42373.0
2024-03-24 02:00:00,40096,5.3849998,6.887,4.6345,2,6,41897.0
2024-03-24 03:00:00,38199,5.8849998,6.837,4.4344997,3,6,40096.0
2024-03-24 04:00:00,36977,5.785,6.437,4.1844997,4,6,38199.0
2024-03-24 05:00:00,36326,5.585,6.187,3.6845,5,6,36977.0
2024-03-24 06:00:00,37190,5.735,6.087,3.4345,6,6,36326.0
2024-03-24 07:00:00,39280,5.935,6.637,3.5345001,7,6,37190.0
2024-03-24 08:00:00,40745,6.835,7.487,5.0344996,8,6,39280.0
2024-03-24 09:00:00,42740,8.335,8.437,7.2844996,9,6,40745.0
2024-03-24 10:00:00,43724,9.435,9.537001,8.4845,10,6,42740.0
2024-03-24 11:00:00,44532,10.535001,10.537001,9.3845005,11,6,43724.0
2024-03-24 12:00:00,45171,11.235001,10.737,10.184501,12,6,44532.0
2024-03-24 13:00:00,45079,12.135,11.037001,10.6345005,13,6,45171.0
2024-03-24 14:00:00,45471,12.535001,11.087001,11.0845,14,6,45079.0
2024-03-24 15:00:00,47334,12.585,11.087001,11.3845005,15,6,45471.0
2024-03-24 16:00:00,52659,12.435,10.587001,11.434501,16,6,47334.0
2024-03-24 17:00:00,60472,12.085,10.237,10.9845,17,6,52659.0
2024-03-24 18:00:00,66016,11.485001,9.237,9.1345005,18,6,60472.0
2024-03-24 19:00:00,68105,10.335,8.737,7.5344996,19,6,66016.0
2024-03-24 20:00:00,65006,9.785001,8.487,6.5344996,20,6,68105.0
2024-03-24 21:00:00,61122,8.285001,8.487,5.0344996,21,6,65006.0
2024-03-24 22:00:00,55853,7.535,8.537001,4.6844997,22,6,61122.0
2024-03-24 23:00:00,50006,6.735,8.487,4.3845,23,6,55853.0
2024-03-25 00:00:00,46140,6.435,7.537,4.8845,0,0,50006.0
2024-03-25 01:00:00,46524,6.335,7.787,4.6345,1,0,46140.0
2024-03-25 02:00:00,44394,6.3849998,8.037001,4.5344996,2,0,46524.0
2024-03-25 03:00:00,42817,6.285,8.187,4.0345,3,0,44394.0
2024-03-25 04:00:00,41558,6.535,8.637,3.9345,4,0,42817.0
2024-03-25 05:00:00,41420,6.685,9.237,3.8845,5,0,41558.0
2024-03-25 06:00:00,46307,6.785,9.387,3.7345002,6,0,41420.0
2024-03-25 07:00:00,55316,6.935,9.487,3.9845002,7,0,46307.0
2024-03-25 08:00:00,61840,7.485,9.437,4.4845,8,0,55316.0
2024-03-25 09:00:00,64301,8.435,9.487,5.1345,9,0,61840.0
2024-03-25 10:00:00,64638,8.685,9.687,5.7844996,10,0,64301.0
2024-03-25 11:00:00,64384,9.235001,10.187,6.0344996,11,0,64638.0
2024-03-25 12:00:00,64614,10.635,9.687,6.2844996,12,0,64384.0
2024-03-25 13:00:00,64543,11.235001,10.037001,6.4344997,13,0,64614.0
2024-03-25 14:00:00,64331,11.535001,10.287001,6.4845,14,0,64543.0
2024-03-25 15:00:00,64889,11.785001,10.587001,6.4845,15,0,64331.0
2024-03-25 16:00:00,67047,11.485001,11.087001,6.1345,16,0,64889.0
2024-03-25 17:00:00,69900,10.785001,10.737,5.3845,17,0,67047.0
2024-03-25 18:00:00,72880,10.435,10.237,4.8845,18,0,69900.0
2024-03-25 19:00:00,73636,9.785001,9.437,4.3845,19,0,72880.0
2024-03-25 20:00:00,70542,9.385,9.237,3.7845001,20,0,73636.0
2024-03-25 21:00:00,64757,9.035001,9.387,3.5845,21,0,70542.0
2024-03-25 22:00:00,58078,8.785001,9.087001,3.1345,22,0,64757.0
2024-03-25 23:00:00,52181,8.485001,9.087001,3.1345,23,0,58078.0
2024-03-26 00:00:00,49007,8.385,8.987,3.1345,0,1,52181.0
2024-03-26 01:00:00,49239,8.085,8.687,2.8845,1,1,49007.0
2024-03-26 02:00:00,47245,7.735,8.537001,2.7845001,2,1,49239.0
2024-03-26 03:00:00,46030,7.585,8.637,2.6345,3,1,47245.0
2024-03-26 04:00:00,44929,7.485,8.537001,2.4845002,4,1,46030.0
2024-03-26 05:00:00,45224,7.1349998,8.387,2.4845002,5,1,44929.0
2024-03-26 06:00:00,49735,7.285,8.287001,2.6345,6,1,45224.0
2024-03-26 07:00:00,58780,7.485,7.987,2.7345002,7,1,49735.0
2024-03-26 08:00:00,62692,8.185,8.487,3.4345,8,1,58780.0
2024-03-26 09:00:00,61933,9.435,8.287001,4.3345,9,1,62692.0
2024-03-26 10:00:00,59605,10.535001,9.537001,5.1345,10,1,61933.0
2024-03-26 11:00:00,57187,12.085,9.687,5.7345,11,1,59605.0
2024-03-26 12:00:00,57434,13.485001,11.587001,5.9344997,12,1,57187.0
2024-03-26 13:00:00,58041,13.635,12.087001,6.1844997,13,1,57434.0
2024-03-26 14:00:00,59095,13.185,12.737,6.1844997,14,1,58041.0
2024-03-26 15:00:00,60947,12.685,12.187,5.7844996,15,1,59095.0
2024-03-26 16:00:00,64624,11.785001,11.887,5.3345,16,1,60947.0
2024-03-26 17:00:00,68881,10.985001,11.537001,4.9344997,17,1,64624.0
2024-03-26 18:00:00,71516,9.935,10.987,4.6345,18,1,68881.0
2024-03-26 19:00:00,72951,9.685,10.487,4.1345,19,1,71516.0
2024-03-26 20:00:00,69778,9.435,9.737,3.9845002,20,1,72951.0
2024-03-26 21:00:00,64016,8.935,9.587001,3.5845,21,1,69778.0
2024-03-26 22:00:00,56868,8.385,9.287001,3.3845,22,1,64016.0
2024-03-26 23:00:00,50327,7.735,9.037001,3.2345002,23,1,56868.0
2024-03-27 00:00:00,46235,6.935,8.837001,3.6345,0,2,50327.0
2024-03-27 01:00:00,46018,6.535,8.387,3.6845,1,2,46235.0
2024-03-27 02:00:00,44272,6.1349998,8.237,3.4845002,2,2,46018.0
2024-03-27 03:00:00,43217,5.6349998,8.437,3.1845,3,2,44272.0
2024-03-27 04:00:00,42343,5.685,8.237,2.6845,4,2,43217.0
2024-03-27 05:00:00,42086,6.335,7.837,2.1845,5,2,42343.0
2024-03-27 06:00:00,46800,6.585,8.587001,1.7344999,6,2,42086.0
2024-03-27 07:00:00,54323,6.985,8.687,1.7845,7,2,46800.0
2024-03-27 08:00:00,57593,8.435,6.637,2.5345001,8,2,54323.0
2024-03-27 09:00:00,58262,9.685,5.387,3.4345,9,2,57593.0
2024-03-27 10:00:00,57581,10.535001,5.637,4.2345,10,2,58262.0
2024-03-27 11:00:00,58108,11.235001,7.087,4.9845,11,2,57581.0
2024-03-27 12:00:00,58225,10.535001,8.587001,5.5845,12,2,58108.0
2024-03-27 13:00:00,58813,9.285001,7.287,5.5344996,13,2,58225.0
2024-03-27 14:00:00,58952,9.035001,8.237,6.7345,14,2,58813.0
2024-03-27 15:00:00,57716,9.785001,8.737,5.5344996,15,2,58952.0
2024-03-27 16:00:00,59750,10.535001,8.687,6.4845,16,2,57716.0
2024-03-27 17:00:00,65401,10.035001,7.037,6.7844996,17,2,59750.0
2024-03-27 18:00:00,70077,8.935,6.737,6.3345,18,2,65401.0
2024-03-27 19:00:00,72478,8.085,6.437,5.1345,19,2,70077.0
2024-03-27 20:00:00,70595,7.3849998,6.437,4.5845,20,2,72478.0
2024-03-27 21:00:00,64928,6.8849998,6.187,4.0845,21,2,70595.0
2024-03-27 22:00:00,59113,7.085,5.287,3.8845,22,2,64928.0
2024-03-27 23:00:00,52222,7.035,4.437,4.0345,23,2,59113.0
2024-03-28 00:00:00,48777,7.185,6.537,3.7845001,0,3,52222.0
2024-03-28 01:00:00,47790,7.535,3.087,3.6845,1,3,48777.0
2024-03-28 02:00:00,46084,7.735,2.437,3.3845,2,3,47790.0
2024-03-28 03:00:00,44235,7.235,2.887,2.6845,3,3,46084.0
2024-03-28 04:00:00,43121,7.335,3.287,2.9845002,4,3,44235.0
2024-03-28 05:00:00,42856,6.235,3.487,3.4345,5,3,43121.0
2024-03-28 06:00:00,46666,5.535,3.787,3.6845,6,3,42856.0
2024-03-28 07:00:00,54384,6.035,5.637,4.3345,7,3,46666.0
2024-03-28 08:00:00,57105,7.485,6.087,5.5845,8,3,54384.0
2024-03-28 09:00:00,57466,8.085,7.287,6.6345,9,3,57105.0
2024-03-28 10:00:00,56987,9.085,7.087,7.4845,10,3,57466.0
2024-03-28 11:00:00,56922,9.035001,7.087,7.8345,11,3,56987.0
2024-03-28 12:00:00,59450,8.085,8.087001,7.6345,12,3,56922.0
2024-03-28 13:00:00,59744,8.635,8.437,8.184501,13,3,59450.0
2024-03-28 14:00:00,60788,10.385,9.087001,8.7845,14,3,59744.0
2024-03-28 15:00:00,60555,10.135,11.037001,9.0345,15,3,60788.0
2024-03-28 16:00:00,61885,10.235001,10.337001,8.934501,16,3,60555.0
2024-03-28 17:00:00,64234,10.435,10.087001,8.9845,17,3,61885.0
2024-03-28 18:00:00,67871,10.835,10.187,8.5845,18,3,64234.0
2024-03-28 19:00:00,69191,10.485001,8.837001,7.5344996,19,3,67871.0
2024-03-28 20:00:00,66144,10.235001,8.737,6.9344997,20,3,69191.0
2024-03-28 21:00:00,61416,10.085,8.387,6.1844997,21,3,66144.0
2024-03-28 22:00:00,55542,9.885,8.837001,5.7844996,22,3,61416.0
2024-03-28 23:00:00,50622,9.635,8.137,5.7844996,23,3,55542.0
2024-03-29 00:00:00,47422,9.635,7.737,5.8345,0,4,50622.0
2024-03-29 01:00:00,47500,9.385,6.737,5.7844996,1,4,47422.0
2024-03-29 02:00:00,45881,8.635,7.087,5.6844997,2,4,47500.0
2024-03-29 03:00:00,44699,8.535001,6.887,5.3845,3,4,45881.0
2024-03-29 04:00:00,43204,8.235001,7.687,5.2345,4,4,44699.0
2024-03-29 05:00:00,42441,8.385,8.237,4.8845,5,4,43204.0
2024-03-29 06:00:00,44073,8.085,8.287001,4.6844997,6,4,42441.0
2024-03-29 07:00:00,46846,8.435,8.687,4.7345,7,4,44073.0
2024-03-29 08:00:00,48190,9.335,9.237,5.4344997,8,4,46846.0
2024-03-29 09:00:00,49678,9.535001,9.987,6.7844996,9,4,48190.0
2024-03-29 10:00:00,49526,10.335,10.287001,7.9845,10,4,49678.0
2024-03-29 11:00:00,48331,10.585,11.337001,9.3845005,11,4,49526.0
2024-03-29 12:00:00,46492,12.185,10.537001,10.1345005,12,4,48331.0
2024-03-29 13:00:00,44701,12.885,12.087001,10.3345,13,4,46492.0
2024-03-29 14:00:00,44166,13.335,10.287001,8.8345,14,4,44701.0
2024-03-29 15:00:00,44893,13.585,9.237,8.9845,15,4,44166.0
2024-03-29 16:00:00,47453,13.335,10.837001,8.934501,16,4,44893.0
2024-03-29 17:00:00,53788,12.535001,10.987,8.7845,17,4,47453.0
2024-03-29 18:00:00,59615,11.835,9.887,8.7845,18,4,53788.0
2024-03-29 19:00:00,61919,10.735001,9.587001,7.9845,19,4,59615.0
2024-03-29 20:00:00,61507,10.085,9.387,6.9344997,20,4,61919.0
2024-03-29 21:00:00,58384,9.335,9.287001,5.7844996,21,4,61507.0
2024-03-29 22:00:00,52918,8.685,8.687,4.9344997,22,4,58384.0
2024-03-29 23:00:00,48079,8.135,8.287001,4.1844997,23,4,52918.0
2024-03-30 00:00:00,45482,7.6349998,7.837,4.1345,0,5,48079.0
2024-03-30 01:00:00,45684,7.585,7.587,3.7345002,1,5,45482.0
2024-03-30 02:00:00,43635,7.285,7.637,3.7345002,2,5,45684.0
2024-03-30 03:00:00,42151,7.035,7.437,4.0345,3,5,43635.0
2024-03-30 04:00:00,40682,6.785,7.237,4.4344997,4,5,42151.0
2024-03-30 05:00:00,40361,6.685,7.237,4.7844996,5,5,40682.0
2024-03-30 06:00:00,41423,6.435,6.537,5.1844997,6,5,40361.0
2024-03-30 07:00:00,43368,6.835,5.987,5.4845,7,5,41423.0
2024-03-30 08:00:00,44266,7.8849998,6.087,6.7844996,8,5,43368.0
2024-03-30 09:00:00,43902,9.885,8.737,8.684501,9,5,44266.0
2024-03-30 10:00:00,42774,11.235001,10.337001,9.6345005,10,5,43902.0
2024-03-30 11:00:00,42290,12.235001,11.537001,9.9845,11,5,42774.0
2024-03-30 12:00:00,41247,13.085,12.387,9.684501,12,5,42290.0
2024-03-30 13:00:00,40984,14.035001,12.537001,9.9845,13,5,41247.0
2024-03-30 14:00:00,40160,14.685,12.587001,10.5845,14,5,40984.0
2024-03-30 15:00:00,40490,15.135,12.787001,10.5845,15,5,40160.0
2024-03-30 16:00:00,44398,14.885,12.787001,10.2845,16,5,40490.0
2024-03-30 17:00:00,52514,14.035001,12.437,9.7845,17,5,44398.0
2024-03-30 18:00:00,58488,12.835,11.537001,9.934501,18,5,52514.0
2024-03-30 19:00:00,61306,11.385,10.937,8.8845005,19,5,58488.0
2024-03-30 20:00:00,59503,10.235001,9.937,7.8345,20,5,61306.0
2024-03-30 21:00:00,56444,8.985001,9.387,6.3345,21,5,59503.0
2024-03-30 22:00:00,51860,8.185,9.087001,5.5344996,22,5,56444.0
2024-03-30 23:00:00,47351,7.835,8.787001,5.1844997,23,5,51860.0
2024-03-31 00:00:00,44074,7.985,8.687,5.5845,0,6,47351.0
2024-03-31 01:00:00,43940,7.6349998,8.237,5.3845,1,6,44074.0
2024-03-31 02:00:00,41770,6.935,8.037001,4.9845,2,6,43940.0
2024-03-31 03:00:00,40171,6.685,7.737,4.8345,3,6,41770.0
2024-03-31 04:00:00,39478,6.3849998,6.887,4.6345,4,6,40171.0
2024-03-31 05:00:00,39688,6.335,7.537,4.5344996,5,6,39478.0
2024-03-31 06:00:00,40835,7.535,6.137,4.7345,6,6,39688.0
2024-03-31 07:00:00,42897,8.085,6.737,5.3845,7,6,40835.0
2024-03-31 08:00:00,45190,8.985001,7.487,6.9344997,8,6,42897.0
2024-03-31 09:00:00,46336,10.035001,7.887,8.5345,9,6,45190.0
2024-03-31 10:00:00,47141,10.535001,8.987,10.0345,10,6,46336.0
2024-03-31 11:00:00,47572,10.885,9.287001,11.7845,11,6,47141.0
2024-03-31 12:00:00,48163,10.985001,11.137,12.934501,12,6,47572.0
2024-03-31 13:00:00,47401,11.185,11.737,13.434501,13,6,48163.0
2024-03-31 14:00:00,46805,11.635,12.537001,13.7845,14,6,47401.0
2024-03-31 15:00:00,48255,11.835,13.287001,13.7845,15,6,46805.0
2024-03-31 16:00:00,51738,11.185,12.537001,13.1345005,16,6,48255.0
2024-03-31 17:00:00,54499,11.385,12.087001,12.2345,17,6,51738.0
2024-03-31 18:00:00,55654,11.135,11.837001,10.7845,18,6,54499.0
2024-03-31 19:00:00,56246,10.385,10.987,8.7345,19,6,55654.0
2024-03-31 20:00:00,54665,9.785001,10.937,7.0845,20,6,56246.0
2024-03-31 21:00:00,50835,9.385,9.937,5.9845,21,6,54665.0
2024-03-31 22:00:00,45537,9.185,9.287001,5.3845,22,6,50835.0
2024-03-31 23:00:00,21415,8.935,8.737,5.4344997,23,6,45537.0
2024-04-01 00:00:00,20610,9.135,8.937,6.1844997,0,0,21415.0
2024-04-01 01:00:00,40258,8.985001,9.187,6.0344996,1,0,20610.0
2024-04-01 02:00:00,40827,9.085,8.637,6.2345,2,0,40258.0
2024-04-01 03:00:00,39931,8.935,8.837001,6.4344997,3,0,40827.0
2024-04-01 04:00:00,38908,8.735001,7.987,6.5344996,4,0,39931.0
2024-04-01 05:00:00,38627,8.535001,7.487,6.5344996,5,0,38908.0
2024-04-01 06:00:00,40444,7.785,7.687,6.3845,6,0,38627.0
2024-04-01 07:00:00,43282,7.785,8.187,6.3845,7,0,40444.0
2024-04-01 08:00:00,45568,8.835,8.437,6.7345,8,0,43282.0
2024-04-01 09:00:00,46358,10.485001,8.787001,6.6844997,9,0,45568.0
2024-04-01 10:00:00,46342,11.935,10.387,6.8345,10,0,46358.0
2024-04-01 11:00:00,45823,13.035001,11.037001,7.1345,11,0,46342.0
2024-04-01 12:00:00,47035,11.985001,11.737,7.8345,12,0,45823.0
2024-04-01 13:00:00,48262,11.785001,11.487,8.3845005,13,0,47035.0
2024-04-01 14:00:00,47850,11.685,11.437,8.434501,14,0,48262.0
2024-04-01 15:00:00,47590,12.535001,11.287001,8.434501,15,0,47850.0
2024-04-01 16:00:00,49165,12.935,11.687,7.7345,16,0,47590.0
2024-04-01 17:00:00,53746,12.785001,11.037001,7.3345,17,0,49165.0
2024-04-01 18:00:00,58070,11.985001,11.087001,6.9845,18,0,53746.0
2024-04-01 19:00:00,59735,10.785001,10.587001,6.7345,19,0,58070.0
2024-04-01 20:00:00,61024,9.935,10.087001,6.6844997,20,0,59735.0
2024-04-01 21:00:00,59432,9.635,9.787001,6.2844996,21,0,61024.0
2024-04-01 22:00:00,55216,9.585,9.137,6.4344997,22,0,59432.0
2024-04-01 23:00:00,49239,9.535001,8.637,6.6345,23,0,55216.0
2024-04-02 00:00:00,44498,9.385,8.687,6.7844996,0,1,49239.0
2024-04-02 01:00:00,43108,9.185,8.837001,6.8345,1,1,44498.0
2024-04-02 02:00:00,44017,9.285001,8.587001,6.8845,2,1,43108.0
2024-04-02 03:00:00,42522,9.235001,8.087001,6.9344997,3,1,44017.0
2024-04-02 04:00:00,41729,9.235001,8.187,6.8845,4,1,42522.0
2024-04-02 05:00:00,41863,9.285001,7.437,6.9845,5,1,41729.0
2024-04-02 06:00:00,45593,9.285001,7.387,6.9344997,6,1,41863.0
2024-04-02 07:00:00,53309,9.485001,8.587001,7.0845,7,1,45593.0
2024-04-02 08:00:00,59323,9.935,9.487,7.3845,8,1,53309.0
2024-04-02 09:00:00,61303,10.435,10.837001,7.5845,9,1,59323.0
2024-04-02 10:00:00,59177,11.985001,11.637,7.9344997,10,1,61303.0
2024-04-02 11:00:00,56484,13.285001,11.587001,8.1345005,11,1,59177.0
2024-04-02 12:00:00,56201,13.835,12.037001,8.2845,12,1,56484.0
2024-04-02 13:00:00,56962,14.635,12.537001,8.2845,13,1,56201.0
2024-04-02 14:00:00,57514,15.135,11.987,8.5345,14,1,56962.0
2024-04-02 15:00:00,57821,13.735001,10.737,8.4845,15,1,57514.0
2024-04-02 16:00:00,60502,12.535001,9.837001,8.5845,16,1,57821.0
2024-04-02 17:00:00,64504,10.985001,9.587001,8.3845005,17,1,60502.0
2024-04-02 18:00:00,67389,10.535001,9.887,7.6844997,18,1,64504.0
2024-04-02 19:00:00,68186,10.535001,10.687,7.1844997,19,1,67389.0
2024-04-02 20:00:00,67155,10.735001,11.187,6.8345,20,1,68186.0
2024-04-02 21:00:00,63635,10.485001,11.087001,6.8345,21,1,67155.0
2024-04-02 22:00:00,57403,10.385,10.787001,6.6844997,22,1,63635.0
2024-04-02 23:00:00,49859,10.385,10.637,6.8345,23,1,57403.0
2024-04-03 00:00:00,44931,10.485001,10.487,6.9845,0,2,49859.0
2024-04-03 01:00:00,43017,10.485001,10.937,6.9344997,1,2,44931.0
2024-04-03 02:00:00,43169,10.535001,11.487,6.9845,2,2,43017.0
2024-04-03 03:00:00,42204,10.535001,11.287001,6.7844996,3,2,43169.0
2024-04-03 04:00:00,41444,10.585,10.987,6.5344996,4,2,42204.0
2024-04-03 05:00:00,41797,10.685,10.487,6.3345,5,2,41444.0
2024-04-03 06:00:00,44593,10.985001,10.537001,6.2345,6,2,41797.0
2024-04-03 07:00:00,51025,11.385,10.587001,6.3845,7,2,44593.0
2024-04-03 08:00:00,56903,12.285001,9.887,6.6844997,8,2,51025.0
2024-04-03 09:00:00,59740,12.535001,9.937,6.9845,9,2,56903.0
2024-04-03 10:00:00,60651,12.385,9.887,7.3845,10,2,59740.0
2024-04-03 11:00:00,59870,13.085,10.937,7.3845,11,2,60651.0
2024-04-03 12:00:00,59523,13.435,11.287001,7.8845,12,2,59870.0
2024-04-03 13:00:00,58576,13.635,11.487,8.0845,13,2,59523.0
2024-04-03 14:00:00,56525,13.835,11.487,8.2345,14,2,58576.0
2024-04-03 15:00:00,56294,13.185,11.887,7.8345,15,2,56525.0
2024-04-03 16:00:00,57406,13.135,11.837001,7.2844996,16,2,56294.0
2024-04-03 17:00:00,60253,12.985001,11.587001,6.6844997,17,2,57406.0
2024-04-03 18:00:00,63156,12.035001,11.037001,6.5845,18,2,60253.0
2024-04-03 19:00:00,65066,11.385,10.237,6.1345,19,2,63156.0
2024-04-03 20:00:00,65824,10.585,10.037001,5.6345,20,2,65066.0
2024-04-03 21:00:00,62816,9.885,9.287001,5.4344997,21,2,65824.0
2024-04-03 22:00:00,57638,9.835,9.287001,5.0344996,22,2,62816.0
2024-04-03 23:00:00,51749,9.885,9.537001,4.8845,23,2,57638.0
2024-04-04 00:00:00,47090,9.935,9.387,4.7345,0,3,51749.0
2024-04-04 01:00:00,45909,10.285001,9.987,4.4344997,1,3,47090.0
2024-04-04 02:00:00,46224,11.235001,9.887,3.9845002,2,3,45909.0
2024-04-04 03:00:00,44652,11.185,10.187,3.5345001,3,3,46224.0
2024-04-04 04:00:00,43101,11.185,10.787001,3.1345,4,3,44652.0
2024-04-04 05:00:00,42941,11.035001,10.537001,2.9345,5,3,43101.0
2024-04-04 06:00:00,46880,11.135,10.187,3.1345,6,3,42941.0
2024-04-04 07:00:00,54042,11.335,10.087001,3.6845,7,3,46880.0
2024-04-04 08:00:00,59997,11.835,10.887,4.9344997,8,3,54042.0
2024-04-04 09:00:00,62466,12.135,11.187,6.4845,9,3,59997.0
2024-04-04 10:00:00,61193,12.935,11.687,7.1844997,10,3,62466.0
2024-04-04 11:00:00,59517,13.285001,11.987,7.7844996,11,3,61193.0
2024-04-04 12:00:00,59414,15.485001,13.637,7.8845,12,3,59517.0
2024-04-04 13:00:00,58864,15.685,13.787001,7.8345,13,3,59414.0
2024-04-04 14:00:00,57636,14.635,13.487,7.9845,14,3,58864.0
2024-04-04 15:00:00,58372,14.135,13.387,7.4845,15,3,57636.0
2024-04-04 16:00:00,60113,13.635,13.237,7.4344997,16,3,58372.0
2024-04-04 17:00:00,62672,13.335,12.137,7.3345,17,3,60113.0
2024-04-04 18:00:00,65600,13.135,11.837001,6.5845,18,3,62672.0
2024-04-04 19:00:00,66540,12.485001,10.987,5.6345,19,3,65600.0
2024-04-04 20:00:00,65835,12.235001,12.187,4.8845,20,3,66540.0
2024-04-04 21:00:00,62242,11.985001,11.787001,4.7844996,21,3,65835.0
2024-04-04 22:00:00,55720,12.135,12.237,4.6844997,22,3,62242.0
2024-04-04 23:00:00,49033,12.585,12.287001,4.2345,23,3,55720.0
2024-04-05 00:00:00,44264,12.885,12.337001,3.4345,0,4,49033.0
2024-04-05 01:00:00,41869,12.735001,13.137,2.6845,1,4,44264.0
2024-04-05 02:00:00,41478,12.535001,12.787001,2.2345002,2,4,41869.0
2024-04-05 03:00:00,39927,12.235001,13.137,2.0845,3,4,41478.0
2024-04-05 04:00:00,38338,12.185,12.537001,2.3345,4,4,39927.0
2024-04-05 05:00:00,38367,12.535001,11.987,2.9845002,5,4,38338.0
2024-04-05 06:00:00,41515,12.685,12.387,3.5845,6,4,38367.0
2024-04-05 07:00:00,48361,12.785001,12.437,3.7845001,7,4,41515.0
2024-04-05 08:00:00,54191,13.535001,12.187,4.2844996,8,4,48361.0
2024-04-05 09:00:00,56968,14.235001,13.887,4.4845,9,4,54191.0
2024-04-05 10:00:00,55611,15.285001,14.687,4.7844996,10,4,56968.0
2024-04-05 11:00:00,52868,16.185,15.087001,4.9344997,11,4,55611.0
2024-04-05 12:00:00,50362,16.484999,15.937,4.6844997,12,4,52868.0
2024-04-05 13:00:00,48674,16.135,15.987,5.4344997,13,4,50362.0
2024-04-05 14:00:00,47430,17.035,16.286999,5.2844996,14,4,48674.0
2024-04-05 15:00:00,47017,15.835,14.987,5.4845,15,4,47430.0
2024-04-05 16:00:00,48544,15.335,15.187,5.9344997,16,4,47017.0
2024-04-05 17:00:00,52594,15.035001,15.037001,6.0845,17,4,48544.0
2024-04-05 18:00:00,56632,14.335,13.387,6.7345,18,4,52594.0
2024-04-05 19:00:00,58750,13.535001,12.587001,6.8345,19,4,56632.0
2024-04-05 20:00:00,58904,12.985001,12.537001,7.6345,20,4,58750.0
2024-04-05 21:00:00,55713,13.235001,11.937,8.8845005,21,4,58904.0
2024-04-05 22:00:00,50967,13.035001,11.787001,9.5345,22,4,55713.0
2024-04-05 23:00:00,45769,13.035001,12.287001,9.9845,23,4,50967.0
2024-04-06 00:00:00,41456,13.335,12.787001,9.684501,0,5,45769.0
2024-04-06 01:00:00,39816,13.835,13.187,9.184501,1,5,41456.0
2024-04-06 02:00:00,39738,14.235001,13.287001,9.1345005,2,5,39816.0
2024-04-06 03:00:00,37406,14.785001,13.887,9.184501,3,5,39738.0
2024-04-06 04:00:00,35546,14.635,14.137,9.8345,4,5,37406.0
2024-04-06 05:00:00,34440,14.685,14.137,10.9845,5,5,35546.0
2024-04-06 06:00:00,35469,14.635,13.637,11.3345,6,5,34440.0
2024-04-06 07:00:00,38653,15.635,14.987,11.934501,7,5,35469.0
2024-04-06 08:00:00,41565,16.935,15.137,12.934501,8,5,38653.0
2024-04-06 09:00:00,42845,17.984999,15.387,13.934501,9,5,41565.0
2024-04-06 10:00:00,43876,18.185,15.387,14.5345,10,5,42845.0
2024-04-06 11:00:00,44442,18.285,14.637,14.3845005,11,5,43876.0
2024-04-06 12:00:00,44145,18.785,14.937,14.4845,12,5,44442.0
2024-04-06 13:00:00,41897,18.685,14.887,14.3845005,13,5,44145.0
2024-04-06 14:00:00,38218,18.085,14.337001,13.7345,14,5,41897.0
2024-04-06 15:00:00,36429,17.835,14.737,14.1345005,15,5,38218.0
2024-04-06 16:00:00,38293,16.635,15.187,13.5345,16,5,36429.0
2024-04-06 17:00:00,43828,15.585,14.237,12.934501,17,5,38293.0
2024-04-06 18:00:00,48503,15.435,13.787001,12.0845,18,5,43828.0
2024-04-06 19:00:00,51310,14.635,12.787001,11.2345,19,5,48503.0
2024-04-06 20:00:00,52482,14.085,12.687,10.5845,20,5,51310.0
2024-04-06 21:00:00,50216,14.335,11.637,10.0845,21,5,52482.0
2024-04-06 22:00:00,45815,14.385,11.437,9.7845,22,5,50216.0
2024-04-06 23:00:00,41046,13.885,12.187,9.4845,23,5,45815.0
2024-04-07 00:00:00,37239,12.935,11.687,9.2845,0,6,41046.0
2024-04-07 01:00:00,35417,12.235001,11.587001,9.0845,1,6,37239.0
2024-04-07 02:00:00,35546,11.735001,11.387,8.7845,2,6,35417.0
2024-04-07 03:00:00,33751,11.635,11.437,8.4845,3,6,35546.0
2024-04-07 04:00:00,32623,11.335,11.687,8.0845,4,6,33751.0
2024-04-07 05:00:00,31902,11.135,12.087001,7.9344997,5,6,32623.0
2024-04-07 06:00:00,32391,11.335,12.287001,8.0845,6,6,31902.0
2024-04-07 07:00:00,34554,11.485001,12.287001,8.5345,7,6,32391.0
2024-04-07 08:00:00,36671,12.435,13.187,9.184501,8,6,34554.0
2024-04-07 09:00:00,38176,13.285001,12.887,9.9845,9,6,36671.0
2024-04-07 10:00:00,38573,14.235001,13.437,10.5345,10,6,38176.0
2024-04-07 11:00:00,38622,14.635,12.887,10.8845005,11,6,38573.0
2024-04-07 12:00:00,38703,14.535001,14.387,11.934501,12,6,38622.0
2024-04-07 13:00:00,39283,15.135,14.487,12.434501,13,6,38703.0
2024-04-07 14:00:00,39171,15.785001,15.137,12.6345005,14,6,39283.0
2024-04-07 15:00:00,39673,15.185,14.787001,12.434501,15,6,39171.0
2024-04-07 16:00:00,42728,15.335,14.637,11.684501,16,6,39673.0
2024-04-07 17:00:00,48045,15.035001,13.737,11.0345,17,6,42728.0
2024-04-07 18:00:00,52133,13.885,12.687,10.7845,18,6,48045.0
2024-04-07 19:00:00,53146,12.885,11.887,10.0345,19,6,52133.0
2024-04-07 20:00:00,52952,12.185,11.787001,9.684501,20,6,53146.0
2024-04-07 21:00:00,51554,11.885,11.887,9.434501,21,6,52952.0
2024-04-07 22:00:00,47444,11.335,12.237,9.184501,22,6,51554.0
2024-04-07 23:00:00,43232,10.785001,11.937,8.8345,23,6,47444.0
2024-04-08 00:00:00,39561,10.285001,11.587001,8.6345005,0,0,43232.0
2024-04-08 01:00:00,38719,10.085,11.787001,8.2345,1,0,39561.0
2024-04-08 02:00:00,39390,9.885,11.837001,7.9344997,2,0,38719.0
2024-04-08 03:00:00,37970,9.635,11.837001,7.5344996,3,0,39390.0
2024-04-08 04:00:00,37911,9.485001,11.537001,7.2844996,4,0,37970.0
2024-04-08 05:00:00,38689,9.485001,11.637,6.9344997,5,0,37911.0
2024-04-08 06:00:00,42870,9.585,11.237,6.5344996,6,0,38689.0
2024-04-08 07:00:00,50732,10.285001,11.187,6.8345,7,0,42870.0
2024-04-08 08:00:00,56492,11.085,11.137,7.6844997,8,0,50732.0
2024-04-08 09:00:00,57936,11.885,10.887,8.5845,9,0,56492.0
2024-04-08 10:00:00,58230,13.285001,11.437,9.4845,10,0,57936.0
2024-04-08 11:00:00,56707,14.535001,12.187,10.2845,11,0,58230.0
2024-04-08 12:00:00,55231,15.785001,12.887,11.3345,12,0,56707.0
2024-04-08 13:00:00,53772,16.385,12.687,11.684501,13,0,55231.0
2024-04-08 14:00:00,53710,16.585,12.837001,11.3845005,14,0,53772.0
2024-04-08 15:00:00,54684,16.535,13.037001,11.3845005,15,0,53710.0
2024-04-08 16:00:00,57210,16.535,13.237,10.7845,16,0,54684.0
2024-04-08 17:00:00,60834,15.935,12.337001,10.434501,17,0,57210.0
2024-04-08 18:00:00,63749,15.785001,12.087001,9.684501,18,0,60834.0
2024-04-08 19:00:00,64448,13.835,11.487,9.2845,19,0,63749.0
2024-04-08 20:00:00,63575,13.135,10.687,8.9845,20,0,64448.0
2024-04-08 21:00:00,59815,12.435,9.637,8.7845,21,0,63575.0
2024-04-08 22:00:00,54773,11.685,9.287001,8.684501,22,0,59815.0
2024-04-08 23:00:00,49158,10.785001,9.337001,8.5345,23,0,54773.0
2024-04-09 00:00:00,44774,10.185,9.187,8.5345,0,1,49158.0
2024-04-09 01:00:00,42936,9.935,8.487,8.2345,1,1,44774.0
2024-04-09 02:00:00,42896,9.485001,8.337001,8.1345005,2,1,42936.0
2024-04-09 03:00:00,41390,9.335,8.687,7.7844996,3,1,42896.0
2024-04-09 04:00:00,40270,9.635,8.437,7.5344996,4,1,41390.0
2024-04-09 05:00:00,40298,9.435,7.087,7.0344996,5,1,40270.0
2024-04-09 06:00:00,43716,9.185,6.437,6.5845,6,1,40298.0
2024-04-09 07:00:00,51357,9.135,7.487,6.3845,7,1,43716.0
2024-04-09 08:00:00,56950,9.085,8.437,6.4344997,8,1,51357.0
2024-04-09 09:00:00,60390,9.035001,9.437,6.8345,9,1,56950.0
2024-04-09 10:00:00,59498,9.335,9.887,7.3845,10,1,60390.0
2024-04-09 11:00:00,58157,9.935,10.637,8.0845,11,1,59498.0
2024-04-09 12:00:00,57536,9.735001,11.087001,8.9845,12,1,58157.0
2024-04-09 13:00:00,55771,10.335,11.587001,9.2345,13,1,57536.0
2024-04-09 14:00:00,53068,11.435,11.787001,9.3845005,14,1,55771.0
2024-04-09 15:00:00,51731,12.435,11.887,10.2845,15,1,53068.0
2024-04-09 16:00:00,52552,12.285001,12.037001,9.7345,16,1,51731.0
2024-04-09 17:00:00,55681,11.935,11.637,8.9845,17,1,52552.0
2024-04-09 18:00:00,59071,11.535001,11.087001,8.8345,18,1,55681.0
2024-04-09 19:00:00,61448,10.635,10.537001,7.7345,19,1,59071.0
2024-04-09 20:00:00,62288,9.835,9.837001,6.9344997,20,1,61448.0
2024-04-09 21:00:00,60020,9.085,9.137,5.9344997,21,1,62288.0
2024-04-09 22:00:00,55029,8.285001,8.587001,5.4344997,22,1,60020.0
2024-04-09 23:00:00,50198,7.6349998,8.237,4.8345,23,1,55029.0
2024-04-10 00:00:00,47169,7.3849998,8.287001,4.6345,0,2,50198.0
2024-04-10 01:00:00,45737,6.985,8.137,4.4344997,1,2,47169.0
2024-04-10 02:00:00,45923,6.585,8.337001,4.2345,2,2,45737.0
2024-04-10 03:00:00,44821,6.1349998,8.337001,4.3345,3,2,45923.0
2024-04-10 04:00:00,43256,5.785,8.687,4.2345,4,2,44821.0
2024-04-10 05:00:00,43384,5.435,8.337001,4.3345,5,2,43256.0
2024-04-10 06:00:00,47386,5.685,9.237,4.2844996,6,2,43384.0
2024-04-10 07:00:00,53387,6.435,9.637,4.8345,7,2,47386.0
2024-04-10 08:00:00,59278,8.235001,9.487,6.0344996,8,2,53387.0
2024-04-10 09:00:00,61044,10.485001,10.187,7.2345,9,2,59278.0
2024-04-10 10:00:00,60081,12.285001,10.437,7.7345,10,2,61044.0
2024-04-10 11:00:00,58727,12.985001,10.737,8.6345005,11,2,60081.0
2024-04-10 12:00:00,59698,13.185,11.287001,9.184501,12,2,58727.0
2024-04-10 13:00:00,60332,12.935,11.487,9.5345,13,2,59698.0
2024-04-10 14:00:00,59865,12.285001,11.787001,9.684501,14,2,60332.0
2024-04-10 15:00:00,60107,11.885,12.387,9.934501,15,2,59865.0
2024-04-10 16:00:00,60370,11.635,12.837001,10.8845005,16,2,60107.0
2024-04-10 17:00:00,62039,11.585,12.987,12.0845,17,2,60370.0
2024-04-10 18:00:00,64133,11.335,13.287001,12.934501,18,2,62039.0
2024-04-10 19:00:00,63669,11.235001,12.987,13.0345,19,2,64133.0
2024-04-10 20:00:00,62454,11.435,12.837001,12.8845005,20,2,63669.0
2024-04-10 21:00:00,58996,11.285001,12.787001,12.8845005,21,2,62454.0
2024-04-10 22:00:00,52388,11.485001,12.337001,12.5345,22,2,58996.0
2024-04-10 23:00:00,45584,12.185,12.237,12.3845005,23,2,52388.0
2024-04-11 00:00:00,41701,12.385,12.537001,12.1345005,0,3,45584.0
2024-04-11 01:00:00,40298,12.635,12.437,11.8845005,1,3,41701.0
2024-04-11 02:00:00,40297,12.735001,12.437,11.7845,2,3,40298.0
2024-04-11 03:00:00,39562,12.885,12.137,11.934501,3,3,40297.0
2024-04-11 04:00:00,38716,12.885,11.937,11.7845,4,3,39562.0
2024-04-11 05:00:00,38773,12.885,11.537001,11.0345,5,3,38716.0
2024-04-11 06:00:00,43079,12.635,11.137,10.6345005,6,3,38773.0
2024-04-11 07:00:00,50046,12.535001,11.437,10.934501,7,3,43079.0
2024-04-11 08:00:00,56910,12.935,11.887,11.7845,8,3,50046.0
2024-04-11 09:00:00,58359,14.185,12.287001,12.7345,9,3,56910.0
2024-04-11 10:00:00,57021,15.385,12.437,13.5345,10,3,58359.0
2024-04-11 11:00:00,56135,16.335,13.687,14.0345,11,3,57021.0
2024-04-11 12:00:00,54743,15.535001,14.987,14.184501,12,3,56135.0
2024-04-11 13:00:00,53417,17.035,15.987,14.6345005,13,3,54743.0
2024-04-11 14:00:00,52125,18.385,16.737,14.5345,14,3,53417.0
2024-04-11 15:00:00,51969,18.984999,16.137,15.2845,15,3,52125.0
2024-04-11 16:00:00,53162,18.135,15.237,15.0845,16,3,51969.0
2024-04-11 17:00:00,56207,16.535,14.737,14.4845,17,3,53162.0
2024-04-11 18:00:00,59763,15.435,15.087001,13.434501,18,3,56207.0
2024-04-11 19:00:00,61310,14.185,14.237,12.5845,19,3,59763.0
2024-04-11 20:00:00,61338,13.835,13.587001,11.934501,20,3,61310.0
2024-04-11 21:00:00,58972,13.235001,13.587001,11.8845005,21,3,61338.0
2024-04-11 22:00:00,53603,13.235001,13.137,12.0345,22,3,58972.0
2024-04-11 23:00:00,47308,13.035001,12.787001,12.2845,23,3,53603.0
2024-04-12 00:00:00,42398,12.535001,11.987,12.684501,0,4,47308.0
2024-04-12 01:00:00,40056,11.885,10.937,12.0845,1,4,42398.0
2024-04-12 02:00:00,39408,11.235001,10.287001,11.8845005,2,4,40056.0
2024-04-12 03:00:00,37568,10.835,10.087001,11.684501,3,4,39408.0
2024-04-12 04:00:00,36981,10.685,9.987,11.5845,4,4,37568.0
2024-04-12 05:00:00,37777,10.535001,9.787001,11.434501,5,4,36981.0
2024-04-12 06:00:00,42000,10.585,10.037001,11.3845005,6,4,37777.0
2024-04-12 07:00:00,49048,11.135,10.937,11.684501,7,4,42000.0
2024-04-12 08:00:00,54867,11.985001,11.587001,12.2845,8,4,49048.0
2024-04-12 09:00:00,55641,14.135,12.337001,13.184501,9,4,54867.0
2024-04-12 10:00:00,53422,15.535001,13.837001,14.0845,10,4,55641.0
2024-04-12 11:00:00,51154,16.835,15.487,14.3845005,11,4,53422.0
2024-04-12 12:00:00,48366,18.885,16.587,14.934501,12,4,51154.0
2024-04-12 13:00:00,46023,19.135,17.987,13.934501,13,4,48366.0
2024-04-12 14:00:00,44124,19.935,19.237,13.7345,14,4,46023.0
2024-04-12 15:00:00,43433,20.685,19.536999,13.184501,15,4,44124.0
2024-04-12 16:00:00,45961,20.135,16.286999,13.184501,16,4,43433.0
2024-04-12 17:00:00,50539,18.935,14.537001,12.8845005,17,4,45961.0
2024-04-12 18:00:00,53424,17.035,13.487,13.2845,18,4,50539.0
2024-04-12 19:00:00,55019,15.785001,12.637,13.0345,19,4,53424.0
2024-04-12 20:00:00,56491,14.835,12.337001,12.5845,20,4,55019.0
2024-04-12 21:00:00,54830,14.235001,12.037001,11.8845005,21,4,56491.0
2024-04-12 22:00:00,50532,13.835,12.187,11.0845,22,4,54830.0
2024-04-12 23:00:00,45157,13.485001,11.787001,10.5345,23,4,50532.0
2024-04-13 00:00:00,41449,13.285001,11.487,10.0845,0,5,45157.0
2024-04-13 01:00:00,40090,12.985001,10.837001,9.8345,1,5,41449.0
2024-04-13 02:00:00,39614,12.535001,10.837001,9.3845005,2,5,40090.0
2024-04-13 03:00:00,37902,12.085,10.887,9.2345,3,5,39614.0
2024-04-13 04:00:00,36788,11.985001,10.687,9.3845005,4,5,37902.0
2024-04-13 05:00:00,36711,12.185,10.337001,9.3345,5,5,36788.0
2024-04-13 06:00:00,38267,12.185,10.887,9.3845005,6,5,36711.0
2024-04-13 07:00:00,40992,12.735001,10.687,9.8845005,7,5,38267.0
2024-04-13 08:00:00,44384,13.685,11.537001,10.8345,8,5,40992.0
2024-04-13 09:00:00,46274,15.135,12.187,12.1345005,9,5,44384.0
2024-04-13 10:00:00,44940,17.035,12.837001,12.5845,10,5,46274.0
2024-04-13 11:00:00,42586,18.085,13.737,12.684501,11,5,44940.0
2024-04-13 12:00:00,39658,19.484999,13.837001,11.5845,12,5,42586.0
2024-04-13 13:00:00,38377,19.885,14.087001,10.7345,13,5,39658.0
2024-04-13 14:00:00,36174,20.335,13.837001,10.7845,14,5,38377.0
2024-04-13 15:00:00,34767,20.484999,11.387,10.2345,15,5,36174.0
2024-04-13 16:00:00,36778,19.585,11.937,9.434501,16,5,34767.0
2024-04-13 17:00:00,42448,18.685,11.687,8.7845,17,5,36778.0
2024-04-13 18:00:00,48323,17.885,11.837001,8.1345005,18,5,42448.0
2024-04-13 19:00:00,50436,16.734999,11.387,7.4344997,19,5,48323.0
2024-04-13 20:00:00,51224,14.985001,11.087001,6.7345,20,5,50436.0
2024-04-13 21:00:00,51044,13.985001,10.887,6.6345,21,5,51224.0
2024-04-13 22:00:00,48391,12.685,10.187,6.6844997,22,5,51044.0
2024-04-13 23:00:00,43998,12.035001,9.487,6.8345,23,5,48391.0
2024-04-14 00:00:00,39939,11.635,9.537001,7.1345,0,6,43998.0
2024-04-14 01:00:00,38882,11.135,9.387,6.9845,1,6,39939.0
2024-04-14 02:00:00,38645,10.685,9.087001,6.9344997,2,6,38882.0
2024-04-14 03:00:00,36730,10.435,8.737,6.4344997,3,6,38645.0
2024-04-14 04:00:00,35711,10.185,8.237,6.1345,4,6,36730.0
2024-04-14 05:00:00,35830,9.935,7.537,5.9344997,5,6,35711.0
2024-04-14 06:00:00,36684,9.735001,7.487,6.0344996,6,6,35830.0
2024-04-14 07:00:00,39049,9.985001,8.487,6.8345,7,6,36684.0
2024-04-14 08:00:00,41191,10.435,9.237,8.1345005,8,6,39049.0
2024-04-14 09:00:00,41682,11.235001,10.237,8.5345,9,6,41191.0
2024-04-14 10:00:00,40341,12.085,11.037001,9.0345,10,6,41682.0
2024-04-14 11:00:00,38879,12.835,11.687,9.0845,11,6,40341.0
2024-04-14 12:00:00,38823,13.835,12.137,8.6345005,12,6,38879.0
2024-04-14 13:00:00,38804,14.085,12.237,9.184501,13,6,38823.0
2024-04-14 14:00:00,38333,14.485001,12.237,9.7345,14,6,38804.0
2024-04-14 15:00:00,38954,14.635,11.987,8.8345,15,6,38333.0
2024-04-14 16:00:00,42538,14.285001,11.587001,8.3845005,16,6,38954.0
2024-04-14 17:00:00,48749,13.885,10.987,8.3345,17,6,42538.0
2024-04-14 18:00:00,53615,12.985001,10.687,8.4845,18,6,48749.0
2024-04-14 19:00:00,54179,11.985001,9.837001,8.2345,19,6,53615.0
2024-04-14 20:00:00,54395,11.435,9.387,8.0845,20,6,54179.0
2024-04-14 21:00:00,52806,10.235001,9.887,7.9845,21,6,54395.0
2024-04-14 22:00:00,47945,9.135,9.887,7.8345,22,6,52806.0
2024-04-14 23:00:00,42219,8.585,9.687,7.6844997,23,6,47945.0
2024-04-15 00:00:00,38257,8.335,9.737,7.8845,0,0,42219.0
2024-04-15 01:00:00,36511,7.835,10.187,7.5344996,1,0,38257.0
2024-04-15 02:00:00,36278,7.3849998,10.537001,7.0344996,2,0,36511.0
2024-04-15 03:00:00,35337,7.835,10.137,6.1345,3,0,36278.0
2024-04-15 04:00:00,34361,8.035001,10.387,5.4845,4,0,35337.0
2024-04-15 05:00:00,35531,8.185,10.487,4.7844996,5,0,34361.0
2024-04-15 06:00:00,40240,9.385,10.337001,4.7345,6,0,35531.0
2024-04-15 07:00:00,49167,10.085,10.087001,5.0344996,7,0,40240.0
2024-04-15 08:00:00,55505,9.935,9.787001,5.9845,8,0,49167.0
